index_f,numero_del_codice,fogli,altezza,ampiezza,materiale,rilegatura,palinsesto,testo_indistinto,danni_fuoco,cancro_pergamena,margini_danneggiati,danni_umidita,restaurato,dorature,colori,titolo,note
1,I 1,405,270,200,membraceo,rilegato,,,,,,,,,,,
2,lI 2,256,282,240,membraceo,rilegato,,1,,,,,,,,,
3,II 3 ,9,250,163,membraceo,rilegato,,1,,,,,,,,,
4,IV 4 f1,2,335,290,membraceo,rilegato,,1,,,,,,,,,
5,IV 4 f2,3,285,170,membraceo,rilegato,,,,,,,,,,,
6,IV 4 f3,1,320,245,membraceo,rilegato,,,,,,,,,,,
7,V 5,114,200,153,membraceo,rilegato,1,,,,,,,,,,
8,VI 6 30,389,285,225,membraceo,rilegato,,,,,,,,,1,,
9,VII 7,25,215,145,membraceo,rilegato,,1,,,,,,,,,
10,VIII 7 2,101,300,185,membraceo,rilegato,,,1,,,,,,,,
11,IX 7 3,136,235,140,membraceo,rilegato,,,1,,,,,,,,
12,X 8,158,186,121,membraceo,rilegato,,,,,,,,,,,
13,XI 9,227,150,120,membraceo,rilegato,,1,,,,,,,,,
14,XII 10 ,358,238,170,membraceo,rilegato,,,,,1,,,,,,
15,XIII 11,559,272,182,membraceo,rilegato,,,,,,,,,,,
16,XIV 12,504,313,278,membraceo,rilegato,,1,,,,,,,,,
17,XV 13,137,233,195,membraceo,rilegato,1,,,,,,,,,,
18,XVI 14,330,348,250,membraceo,rilegato,,,,,,,,,,,
19,XVII 15,299,348,250,membraceo,rilegato,,1,,,,,,,,,
20,XVII 16,170,348,260,membraceo,rilegato,,,,,,,,,,,
21,XIX 17,94,253,170,membraceo,rilegato,,1,,,,,,,,,
22,XX 18,121,325,220,membraceo,rilegato,,1,,,,,,,,,
23,XXI 19,124,320,240,membraceo,rilegato,,1,,,,,,,,,
24,XXII 20,175,220,195,membraceo,rilegato,,1,,,,,1,,,,
25,XXIII 21 ,116,217,155,membraceo,rilegato,,1,,,,,,,,,
26,XXIV 22,71,197,114,membraceo,rilegato,,,,,,,,,,,
27,XXV 23,199,210,150,cartaceo,rilegato,,,,,,,,,,,
28,XXVI 24,116,282,212,cartaceo,rilegato,,,,,,,,,,,
29,XXVII 25,138,345,260,membraceo,rilegato,,1,,,,1,,,,,
30,XVIII 26,253,290,190,membraceo,rilegato,,,,,,,,,,,
31,XXIX 27,116,360,256,membraceo,rilegato,,,,,,,,,,,
32,XXX 28,95,298,210,membraceo,rilegato,,,,,,,,,,,
33,XXXI 29,161,290,210,membraceo,rilegato,,,,,,,,,,,
34,XXXII 30,187,300,204,membraceo,rilegato,,,,,1,,,,,,
35,XXXIII 31,70,220,164,membraceo,rilegato,,1,,,,,,,,,
36,XXXIV 32,99,250,160,membraceo,rilegato,,,,,,,,,,,
37,XXXV 33,212,240,160,membraceo,rilegato,,,,,,,,,,,
38,XXXVI 34,316,386,280,membraceo,rilegato,,,,,,,,,,,
39,XXXVII 35,265,323,252,membraceo,rilegato,,,,,,,,,,,
40,XXXVIII 36,117,256,210,membraceo,rilegato,,1,,,,,,,,,
41,XXXIX 37,110,280,230,membraceo,rilegato,,1,,,,,,,,,
42,XL 38,344,268,215,membraceo,rilegato,,,,,,,,,,,
43,XLI 39,229,490,370,membraceo,rilegato,,,,,,,,,,S.Gregorii M.P. mmoralium in job libri XVI priores,
44,XLII 40,153,235,150,membraceo,rilegato,,1,,,,,,,,,
45,XLIII 41,130,256,170,membraceo,rilegato,,,,,,,,,,,
46,XLIV 42,178,310,210,membraceo,rilegato,,1,,,,,,,,,
47,XLV 43,180,336,220,membraceo,rilegato,,1,,,,,,,,,
48,XLVI 44,147,214,145,membraceo,rilegato,,1,,,,,,,,,
49,XLVII 45,160,275,220,membraceo,rilegato,,,,,1,1,,,,,
50,XLVIII 46,238,310,226,membraceo,rilegato,,,,,1,,,,,,
51,XLIX 47,135,295,205,cartaceo,rilegato,,,,,,,,,,,
52,L 48,31,320,155,bombacino,rilegato,,,,,,,,,,,
53,LI 49,156,320,240,membraceo,rilegato,,1,,,,1,,,,,
54,LII 50 ,276,222,100,membraceo,rilegato,,,,,,,,,,,
55,LIII 51,301,270,230,membraceo,rilegato,,1,,,1,,,,,,
56,LIV 52,175,300,187,membraceo,rilegato,,1,1,,,,,,,,
57,LV 53,99,260,172,membraceo,rilegato,,,,,,,,,,,
58,LVI 54,91,264,182,membraceo,rilegato,,,,,,,,,,,
59,LVII 55,110,310,250,membraceo,rilegato,,,,,,,,,,,
60,LVIII 56,312,320,260,membraceo,rilegato,,1,,,,1,,,,,
61,LIX 57,255,230,200,membraceo,rilegato,,1,,,,,,,,,
62,LX 58,126,260,200,membraceo,rilegato,,1,,,,,,,,,
63,LXI 59,76,200,160,membraceo,rilegato,,1,,,,,,,,,
64,LXII 60,107,285,185,membraceo,rilegato,,1,,,,,,,,,
65,LXIII 61,98,270,200,membraceo,rilegato,,,,,,,,,,,
66,LXIV 62,104,213,160,membraceo,rilegato,,,,,,,,,,,
67,LXV 63,60,205,147,membraceo,rilegato,,,,,,,,,,,
68,LXVI 63,123,255,192,membraceo,rilegato,,,,,,,,,,,
69,LXVII 64,89,250,145,membraceo,rilegato,,,,,,,,,,,
70,LXVIII 65,75,270,220,membraceo,rilegato,,,,,,,,,,,
71,LXIX 66,65,330,220,membraceo,rilegato,,1,,,,,,,,,
72,LXX 67,112,222,150,membraceo,rilegato,,1,,,,,,,,,
73,LXXI 68,62,263,180,membraceo,rilegato,,,,1,,,,,,,
74,LXXII 69 ,130,271,172,membraceo,rilegato,,,,,,,,,,,
75,LXXIII 70,88,240,168,membraceo,rilegato,,,,,,1,,,,,
76,LXXIV 71,133,241,145,membraceo,rilegato,,,1,,,,,,,,
77,LXXV 72,78,260,170,membraceo,rilegato,,1,,,,,,,,,
78,LXXVI,56,270,168,membraceo,rilegato,,,,,,1,,,,,
79,LXXVII 74,178,395,280,membraceo,rilegato,,,,,,1,,,,,
80,LXXVIII 75,145,320,230,membraceo,rilegato,,,,,,1,,,,,
81,LXXIX 76,292,360,250,membraceo,rilegato,,,,,,,,,,,
82,LXXX 431,251,480,332,membraceo,rilegato,,,,,,,,,,,
83,LXXXI 432,150,545,400,membraceo,rilegato,,1,,,,,,,,Homiliarius capituli ecclesiae veronesis,
84,LXXXI 2,22,,,membraceo,rilegato,,,,,,,,,,,
85,LXXXII 77,276,280,190,membraceo,rilegato,,,,,,,,,,,
86,LXXXIII 78,112,370,270,membraceo,rilegato,,,,,,,,,,,
87,LXXXIV 79,132,310,210,membraceo,rilegato,,,,,,,,,,,
88,LXXXV 80,139,235,172,membraceo,rilegato,,1,,,,,,,,,
89,LXXXVI 81,198,295,193,membraceo,rilegato,,,,1,,,1,,,,
90,LXXXVII 82,339,340,270,membraceo,rilegato,,,,,,,,,,,
91,LXXXVIII 83,80,145,115,membraceo,rilegato,,,,,,,,,,,
92,LXXXIX 84,127,330,260,membraceo,rilegato,,1,,,,,,,,,
93,XC 85,141,150,118,membraceo,rilegato,,,,,,,,,,,
94,XCI 86,165,260,170,membraceo,rilegato,,1,,,,,1,,,,
95,XCII 87,71,183,120,membraceo,rilegato,,1,,,1,,,,,,
96,XCIII 88,237,290,220,membraceo,rilegato,,,,,,,,,,,
97,XCIV 89,97,230,170,membraceo,rilegato,,,,,,,,,,,
98,XCV 90,273,307,205,membraceo,rilegato,,1,,,,,,,,,
99,XCVI 90*,327,370,260,membraceo,rilegato,,,,,,,,,,,
100,XCVII 91,229,270,200,membraceo,rilegato,,,,,,,,,,,
101,XCVIII 92,267,290,190,membraceo,rilegato,,,,,,,,,,,
102,XCIX 93,272,400,270,membraceo,rilegato,,,,,,,,,,,
103,C 94,263,375,270,membraceo,rilegato,,,,,,,,,,,
104,CI 95,238,335,270,membraceo,rilegato,,,,,,1,,,,,
105,CII 96,247,395,260,membraceo,rilegato,,1,,,,,1,,,,
106,CIII 96,170,250,165,membraceo,rilegato,,,,,,1,,,,,
107,CIV 97,32,280,188,membraceo,rilegato,1,1,,,,,,,,,
108,CV 98,395,370,260,membraceo,rilegato,,,,,,,,,,,
109,CVI 99,64,236,155,membraceo,rilegato,,,,,1,,,,,,
110,CVII 100,125,187,123,membraceo,rilegato,,,,,,,1,,,,
111,CVIII 101,230,303,212,membraceo,rilegato,,,,,,1,,,,,
112,CIX 012,190,220,145,membraceo,rilegato,,,,,,,,,,,
113,CX 103,236,370,235,membraceo,rilegato,,,,,,,,,,,
114,CXI 104,94,210,158,membraceo,rilegato,,,,,,,1,,,,
115,CXII 105,72,297,205,cartaceo,rilegato,,,,,,,,,,,
116,CXIII 214,189,,,cartaceo,rilegato,,,,,,,,,,,
117,CXIV 106,189,336,210,cartaceo,rilegato,,,,,,,,,,,
118,CXV 106A,154,260,170,membraceo,rilegato,,,,,,,,,,,
119,CXVI 106B ,96,260,170,membraceo,rilegato,,,,,,,,,,,
120,CXVII 107,109,290,128,cartaceo,rilegato,,,,,,,,,,,
121,CXVIII 108,216,305,220,membraceo,rilegato,,,,,,,,,,,
122,CXIX 109,1,144,85,membraceo,raccolte di fogli,,,,,,,,,,,
123,CXX 110,111,205,140,membraceo,rilegato,,,,,,,,,,,
124,CXXI 110,459,210,145,bombacino,rilegato,,,,,,,,,,,
125,CXXII 111,290,198,140,membraceo,rilegato,,,,,,,,,,,
126,CXXIII 112,137,195,145,cartaceo,rilegato,,,,,,,,,,,
127,CXXIV 113,163,340,220,cartaceo,rilegato,,,,,,,,,,,
128,CXXV 114,379,300,214,bombacino,rilegato,,,,,,,,,,,
129,CXXVI,244,232,169,cartaceo,rilegato,,,,,,,,,,,
130,CXXVII 116,136,280,196,cartaceo,rilegato,,,,,,,,,,,
131,CXXVIII 117,295,340,230,cartaceo,rilegato,,,,,,,,,,,
132,CXXIX 118,354,338,240,cartaceo,rilegato,,,,,,,,,,,
133,CXXX 119,48,235,165,cartaceo,rilegato,,,,,,,,,,,
134,CXXXI 120,131,230,162,cartaceo,rilegato,,,,,,,,,,,
135,CXXXII 121,316,210,155,cartaceo,rilegato,,,,,,,,,,,
136,CXXXIII 122,55,305,210,membraceo e cartaceo,rilegato,,,,,,,,,,,
137,CXXXIV,78,280,220,membraceo,rilegato,1,,,,,,,,,,
138,CXXXV 123,194,330,233,membraceo,rilegato,,,,,,,,,,,
139,CXXXVI 124,214,352,245,membraceo,rilegato,,,,,,,,,,,
140,CXXXVII 125,208,360,250,membraceo,rilegato,,,,,,,,,,,
141,CXXXVIII 126,107,300,213,membraceo,rilegato,,,,,,,,,,,
142,CXXXIX 127,112,250,172,membraceo,rilegato,,,,,,,,,,,
143,CXL 128,141,305,210,cartaceo,rilegato,,,,,,,,,,,
144,CXLI 129,154,275,193,membraceo,rilegato,,,,,,,,,,,
145,CXLII 130,97,270,175,membraceo,rilegato,,,,,,,,,,,
146,CXLIII 131,101,270,170,membraceo,rilegato,,,,,,,,,,,
147,CXLIV 132,103,255,170,membraceo,rilegato,,,,,,,,,,,
148,CXLV 133,42,256,168,membraceo,rilegato,,,,,,,,,,,
149,CXLVI 134,86,225,170,membraceo e cartaceo,rilegato,,,,,,,,,,,
150,CXLVII 135,67,230,160,membraceo,rilegato,,,,,,,,,,,
151,CXLVIII 136,94,234,170,membraceo,rilegato,,,,,,,,,,,
152,CXLIX 137,,,,cartaceo,rilegato,,,,,,,,,,,
153,CL 138,142,245,165,cartaceo,rilegato,,,,,,,,,,,
154,CLI 139,29,205,155,membraceo,rilegato,,,,,,,,,,,
155,CLII 140,88,204,145,membraceo,rilegato,,,,,,,,,,,
156,CLIII 141,49,225,160,cartaceo,rilegato,,,,,,,1,,,,
157,CLIV 142,60,236,160,membraceo,rilegato,,,,,,,,,,,
158,CLV 143,60,215,133,membraceo,rilegato,,,,,,,,,,,
159,CLVI 145,93,200,145,cartaceo,rilegato,,,,,,,,,,,
160,CLVII 144,109,195,130,membraceo,rilegato,,,,,,,,,,,
161,CLVIII 146,136,198,150,cartaceo,rilegato,,,,,,,,,,,
162,CLIX 148,38,160,110,membraceo,rilegato,,,,,,,,,,,
163,CLX 149,90,165,115,membraceo,rilegato,,,,,,,,,,,
164,CLXI 149,50,118,188,membraceo,rilegato,,,,,,,,,,M.Tu. Cicero: De amicitia ad atticum,
165,CLXIIA 147,78,275,155,membraceo,rilegato,,,,,,,,,,,
166,CLXIIB 147,128,198,145,membraceo,rilegato,,,,,,,,,,,
167,CLXIII 150,35,200,135,membraceo,rilegato,,,,,,,,,,,
168,CLXIV 151,167,180,115,membraceo,rilegato,,,,,,,,,,,
169,CLXV 152,51,250,156,membraceo,rilegato,,,,,,,,,,,
170,CLXVI 153,344,335,230,cartaceo,rilegato,,,,,,,,,,,
171,CLXVII 154,44,213,153,cartaceo,rilegato,,,,,,,,,,,
172,CLXVIII 155,28,280,205,membraceo,rilegato,,,,,,,,,,,
173,CLXIX 156,63,176,120,membraceo,rilegato,,,,,,,,,,,
174,CLXX 157,147,235,165,membraceo,rilegato,,,,,,,,,,,
175,CLXXI,5,247,175,membraceo,rilegato,,,,,,,,,,,
176,CLXXIA,9,208,145,membraceo,rilegato,,,,,,,,,,,
177,CLLXXII 180,221,430,270,membraceo,rilegato,,,,,,,,,,,
178,CLXXIII 181,178,410,242,membraceo,rilegato,,,,,,,,,,,
179,CLXXIII A,1,285,210,membraceo,rilegato,,,,,,,,,,,
180,CLXXIV 165,65,415,280,membraceo,rilegato,,,,,,,,,,,
181,CLXXV 160,78,470,290,membraceo,rilegato,,,,,,,,,,,
182,CLXXVI 182,140,360,220,membraceo,rilegato,,,,,,,,,,,
183,CLXXVII 162,290,421,290,cartaceo,rilegato,,,,,,,,,,,
184,CLXXVIII 163,321,420,270,membraceo,rilegato,,,,,,,,,,,
185,CLXXIX 186,138,310,200,membraceo,rilegato,,,,,,,,,,,
186,CLXXX 175,237,410,290,cartaceo,rilegato,,,,,,,,,,,
187,CLXXXI 175,53,410,288,cartaceo,rilegato,,,,,,,,,,,
188,CLXXXII 179,390,394,260,membraceo,rilegato,,,,,,,,,,,
189,CLXXXIII 178,50,420,272,membraceo,rilegato,,,,,,,,,,,
190,CLXXXIV 164,256,420,260,membraceo,rilegato,,,,,,,,,,,
191,CLXXXV 167,131,450,278,membraceo,rilegato,,,,,,,,,,,
192,CLXXXVI 176,266,240,298,cartaceo,rilegato,,,,,,,,,,,
193,CLXXXVII 166,251,440,292,cartaceo,rilegato,,,,,,,,,,,
194,CLXXXVIII 159,389,430,283,cartaceo,rilegato,,,,,,,,,,,
195,CLXXXIX 174,338,435,295,cartaceo,rilegato,,,,,,,,,,,
196,CXC 184,180,295,220,cartaceo,rilegato,,,,,,,,,,,
197,CXCI 168,344,440,280,cartaceo,rilegato,,,,,,,,,,,
198,CXCII 177,242,435,225,cartaceo,rilegato,,,,,,,,,,,
199,CXCIII 171,396,418,295,cartaceo,rilegato,,,,,,,,,,,
200,CXCIV 169,459,430,270,membraceo,rilegato,,,,,,,,,,,
201,CXCV 183,134,368,254,membraceo,rilegato,,,,,,,,,,,
202,CXCVI 161,274,440,285,cartaceo,rilegato,,,,,,,,,,,
203,CXCVII 172,271,290,215,cartaceo,rilegato,,,,,,,,,,,
204,CXCVIII 170,297,434,290,cartaceo,rilegato,,,,,,,,,,,
205,CXCIV 409,57,400,250,membraceo,rilegato,,,,,,,,,,,
206,CCI 190,208,328,225,membraceo,rilegato,,,,,,,,,,,
207,CCII 390,83,298,200,membraceo,rilegato,,,,,,,,,,,
208,CCIII 191,425,325,230,cartaceo,rilegato,,,,,,,,,,,FOGLIE E PAG
209,CCIV 189,246,365,250,membraceo,rilegato,,,,,,,,,,,
210,CCV 194,86,388,285,cartaceo,rilegato,,,,,,,,,,,
211,CCVI 194,216,305,205,cartaceo,rilegato,,,,,,,,,,,
212,CCVII 203,387,305,212,membraceo,rilegato,,,,,,,,,,,
213,CCVIII 204,78,288,210,cartaceo,rilegato,,,,,,,,,,,
214,CCIX 185,128,310,235,membraceo,rilegato,,,,,,,,,,,
215,CCX 173,217,340,252,membraceo,rilegato,,,,,,,,,,,
216,CCXI 187,156,298,218,cartaceo,rilegato,,,,,,,,,,,
217,CCXII 188,260,215,150,cartaceo,rilegato,,,,,,,,,,,
218,CCXII 205,74,285,205,cartaceo,rilegato,,,,,,,,,,,
219,CCXIV 207,149,155,108,cartaceo,rilegato,,,,,,,,,,,
220,CCXV 415,148,143,105,cartaceo,rilegato,,,,,,,,,,,
221,CCXVI 208,278,152,105,membraceo,rilegato,,,,,,,,,,,
222,CCXVII 209,56,240,165,membraceo,rilegato,,,,,,,,,,,
223,CCXVIII 210,177,168,120,membraceo,rilegato,,,,,,,,,,,
224,CCXIX 211,102,230,160,membraceo,rilegato,,,,,,,,,,,
225,CCXX 193,39,205,150,cartaceo,rilegato,,,,,,,,,,,
226,CCXXI 213,66,205,142,membraceo,rilegato,,,,,,,,,,,
227,CCXXII 345,78,140,95,membraceo,rilegato,,,,,,,,,,,
228,CCXXIII 347,128,230,162,cartaceo,rilegato,,,,,,,,,,,
229,CCXXIV 348,144,200,142,cartaceo,rilegato,,,,,,,,,,,
230,CCXXV 349,128,200,130,membraceo,rilegato,,,,,,1,,,,,
231,CCXXVI 353,34,230,140,membraceo,rilegato,,,,,,,,,,,
232,CCXXVII 354,71,206,157,cartaceo,rilegato,,,,,,,,,,,
233,CCXXVIII 355,100,204,145,cartaceo,rilegato,,,,,,,,,,,
234,CCXXXIX 379,103,145,90,membraceo,rilegato,,,,,,,,,,,
235,CCXXX 383,34,155,110,cartaceo,rilegato,,,,,,,,,,,
236,CCXXXI 394,244,305,205,membraceo,rilegato,,,,,,,,,,,
237,CCXXXII 363,324,310,212,cartaceo,rilegato,,,,,,,,,,,
238,CCXXXIII 198,130,234,135,membraceo,rilegato,,,,,,,,,,,
239,CCXXXIV 221,219,280,195,cartaceo,rilegato,,,,,,,,,,,
240,CCXXXV 197,370,330,234,cartaceo,rilegato,,,,,,,,,,,
241,CCXXXVI 196,49,210,143,cartaceo,rilegato,,,,,,,,,,,
242,CCXXXVII 195,72,315,220,cartaceo,rilegato,,,,,,,,,,,
243,CCXXXVIII 199,160,192,135,membraceo,rilegato,,,,,,,,,,,
244,CCXXXIX 200,276,290,205,membraceo,rilegato,,,,,,,,,,,
245,CCXL 201,121,318,224,cartaceo,rilegato,,,,,,1,,,,,
246,CCXLI 202,202,207,157,cartaceo,rilegato,,,,,,,,,,,
247,CCXLII 296,174,215,160,cartaceo,rilegato,,,,,,1,,,,,
248,CCXLIII 212,94,320,163,membraceo,rilegato,,,,,,,,,,,
249,CCXLIV 215,78,288,198,membraceo,rilegato,,,,,,,,,,,
250,CCXLV 216,74,300,217,cartaceo,rilegato,,,,,,,,,,,
251,CCXLVI 217,32,270,180,membraceo,rilegato,,,,,,,,,,,
252,CCXLVII 218,35,350,175,membraceo,rilegato,,,,,,,,,,,
253,CCXLVIII 219,102,215,158,cartaceo,rilegato,,,,,,,,,,,
254,CCXLIX 220,94,280,200,cartaceo,rilegato,,,,,,,,,,,
255,CCL 222,53,260,155,membraceo,rilegato,,,,,,,,,,,
256,CCLI 223,121,218,150,membraceo,rilegato,,,,,,,,,,,
257,CCLII 224,35,225,155,membraceo,rilegato,,,,,,,,,,,
258,CCLIII 225,165,235,180,membraceo,rilegato,,,,,,,,,,,
259,CCLIVA 226,313,210,150,cartaceo,rilegato,,,,,,,,,,,FOGLI
260,CCLIVB 226,285,208,150,cartaceo,rilegato,,,,,,,,,,,FOGLI
261,CCLV 227,98,233,173,membraceo,rilegato,,,,,,,,,,,
262,CCLVI 228,54,205,157,cartaceo,rilegato,,,,,,,,,,,
263,CCLVII 229,349,210,150,cartaceo,rilegato,,,,,,,,,,,
264,CCLVIII 230,163,204,144,cartaceo,rilegato,,,,,,,,,,,
265,CCLIX 231,48,250,185,membraceo,rilegato,,,,,,,,,,,
266,CCLX 232,154,210,145,cartaceo,rilegato,,,,,,,,,,,
267,CCLXI 233,129,205,150,cartaceo,rilegato,,1,,,,,,,,,
268,CCLXII 234,81,200,140,membraceo,rilegato,,,,,,,,,,,
269,CCLXIII 235,157,208,125,cartaceo,rilegato,,,,,,,,,,,
270,CCLXIV 236,43,183,112,membraceo,rilegato,,,,,,,,,,,
271,CCLXV 237,104,205,135,cartaceo,rilegato,,,,,,,,,,,
272,CCLXVI 242,136,220,150,cartaceo,rilegato,,,,1,,,,,,,
273,CCLXVII 238,125,230,165,cartaceo,rilegato,,,,,,,,,,,
274,CCLXVIII 239,53,210,160,cartaceo,rilegato,,,,,,,,,,,
275,CCLXIX 240,191,,,cartaceo,rilegato,,,,,,,,,,,
276,CCLXX 241,224,156,108,membraceo,rilegato,,,,,,,,,,,
277,CCLXXI 243,22,285,210,cartaceo,rilegato,,,,,,,,,,,
278,CCLXXII 244,295,200,145,cartaceo,rilegato,,,,,,,,,,,
279,CCLXXII 245,172,202,161,cartaceo,rilegato,,,,,,,,,,,
280,CCLXXIV 246,88,310,210,cartaceo,rilegato,,,,,,,,,,,
281,CCLXXV ,193,288,200,cartaceo,rilegato,,,,,,,,,,,
282,CCLXXV ,40,306,202,cartaceo,rilegato,,,,,,,,,,,
283,CCLXXV ,95,320,220,cartaceo,rilegato,,,,,,,,,,,
284,CCLXXVI 247,156,300,225,cartaceo,rilegato,,,,,,,,,,,
285,CCLXXVII 248,162,215,174,cartaceo,rilegato,,,,,,,,,,,
286,CCLXXVII 248,51,215,174,cartaceo,rilegato,,,,,,,,,,,
287,CCLXXVII 248,103,215,174,cartaceo,rilegato,,,,,,,,,,,
288,CCLXXVIII 249,753,,,cartaceo,rilegato,,,,,,,,,,,
289,CCLXXIX 365,275,200,150,cartaceo,rilegato,,,,,,,,,,,
290,CCLXXX 336,10,320,220,cartaceo,rilegato,,,,,,,,,,,
291,CCLXXXI 351,68,202,155,cartaceo,rilegato,,,,,,,,,,,
292,CCLXXXII 336,63,202,155,cartaceo,rilegato,,,,,,,,,,,
293,CCLXXXIII 358,41,192,140,membraceo,rilegato,,,,,,,,,,,
294,CCLXXXIV 377,121,222,160,cartaceo,rilegato,,,,,,,,,,,
295,CCLXXXV 380,81,170,130,membraceo,rilegato,,,,,,,,,,,
296,CCLXXXVI 357,156,195,135,membraceo,rilegato,,,,,,,,,,,
297,CCLXXXVII 395,102,445,268,membraceo,rilegato,,,,,,,,,,,
298,CCLXXXVIII 401,308,430,300,bombacino,rilegato,,,,,,,,,,,
299,CCLXXXIX 391,283,420,290,bombacino,rilegato,,,,,,,,,,,
300,CCXC 378,82,145,105,bombacino,rilegato,,,,,,,,,,,
301,CCXCI 400,31,208,146,cartaceo,rilegato,,,,,,,,,,,
302,CCXCII 382,44,195,144,cartaceo,rilegato,,,,,,,,,,,
303,CCXCII 371,301,210,150,cartaceo,rilegato,,,,,,,,,,,
304,CCXCIV 411,227,225,170,cartaceo,rilegato,,,,,,,,,,,
305,CCXCV 369,72,160,110,cartaceo,rilegato,,,,,,,,,,,
306,CCXCVI 428,66,205,154,bombacino,rilegato,,,,,,,,,,,
307,CCXCVII 435,155,280,196,cartaceo,rilegato,,,,,,,,,,,
308,CCXCVIII 434,215,320,230,cartaceo,rilegato,,,,,,,,,,,
309,CCXCIX 396,51,350,225,cartaceo,rilegato,,,,,,,,,,,FASCICOLI
310,CCC 376,77,195,135,cartaceo,rilegato,,,,,,,,,,,
311,CCCI 364,166,275,210,cartaceo,rilegato,,,,,,,,,,,
312,CCCII 415,114,220,155,cartaceo,rilegato,,,,,,,,,,,
313,CCCIII 303,144,212,150,cartaceo,rilegato,,,,,,,,,,,
314,CCCIV 278,686,215,160,cartaceo,rilegato,,,,,,,,,,,
315,CCCV 279,543,228,165,cartaceo,rilegato,,,,,,,,,,,
316,CCCVI 280,385,220,152,cartaceo,rilegato,,,,,,,,,,,
317,CCCVII 282,238,280,195,cartaceo,rilegato,,,,,,,,,,,
318,CCCVIII 283,493,,,cartaceo,rilegato,,,,,,,,,,,
319,CCCIX 309,50,230,170,cartaceo,rilegato,,,,,,,,,,,
320,CCCX ,109,212,142,cartaceo,rilegato,,,,,,,,,,,
321,CCCXI 311,99,200,150,cartaceo,rilegato,,,,,,,,,,,
322,CCCXII ,117,250,175,cartaceo,rilegato,,,,,,,,,,,
323,CCCXIII,42,300,220,cartaceo,rilegato,,,,,,,,,,,
324,CCCXIV,8,345,240,cartaceo,rilegato,,,,,,,,,,,
325,CCCXV 315,56,230,164,cartaceo,rilegato,,,,,,,,,,,
326,CCCXVI,50,255,135,membraceo,rilegato,,,,,,,,,,,
327,CCCXVII,42,208,135,cartaceo,rilegato,,,,,,,,,,,
328,CCCXVIII,117,180,133,cartaceo,rilegato,,,,,,,,,,,
329,CCCXIX,77,280,210,cartaceo,rilegato,,,,,,,,,,,
330,CCCXX,163,320,220,cartaceo,rilegato,,,,,,,,,,,
331,CCCXXI 277,101,207,152,cartaceo,rilegato,,,,,,,,,,,
332,CCCXXII,189,255,175,membraceo,rilegato,,,,,,,,,,,
333,CCCXXIII 284,72,260,190,cartaceo,rilegato,,,,,,,,,,,
334,CCCXXIV 403,38,280,216,cartaceo,rilegato,,,,,,,,,,,
335,CCCXXV,215,300,200,cartaceo,rilegato,,,,,,,,,,,
336,CCCXXVI 407,125,355,245,membraceo,rilegato,,,,,,,,,,,
337,CCCXXVII,123,270,195,membraceo,rilegato,,,,,,,,,,,
338,CCCXXVIII 414,23,250,164,membraceo,rilegato,,,,,,,,,,,
339,CCCXXIX 430,56,333,230,membraceo,rilegato,,,,,,,,,,,
340,CCCXXX 418,30,200,140,cartaceo,rilegato,,,,,,,,,,,
341,CCCXXXI,,235,210,cartaceo,rilegato,,,,,,,,,,,
342,CCCXXXII,112,320,210,cartaceo,rilegato,,,,,,,,,,,
343,CCCXXXIII 436,179,285,204,cartaceo,rilegato,,,,,,,,,,,
344,CCCXXXIV 426,207,260,194,cartaceo,rilegato,,,,,,,,,,,
345,CCCXXXV 439,71,260,125,cartaceo,rilegato,,,,,,,,,,,
346,CCCXXXVI 440,202,180,200,cartaceo,rilegato,,,,,,,,,,,
347,CCCXXXVII 422,20,167,124,cartaceo,rilegato,,,,,,,,,,,
348,CCCXXXVIII ,26,208,145,membraceo,rilegato,,,,,,,,,,,
349,CCCXXXIX ,82,298,218,cartaceo,rilegato,,,,,,,,,,,
350,CCXL,10,240,200,membraceo,rilegato,,,,,,,,,,,
351,CCCXLI 189,103,210,140,cartaceo,rilegato,,,,,,,,,,,
352,CCCXLII 406,333,178,122,membraceo,rilegato,,,,,,,,,,,
353,CCCXLIII 387,300,155,120,membraceo,rilegato,,,,,,,,,,,
354,CCCXLIV 488,37,173,125,cartaceo,rilegato,,,,,,,,,,,
355,CCCXLV,28,304,207,cartaceo,rilegato,,,,,,,,,,,
356,CCCXLVI,24,312,211,cartaceo,rilegato,,,,,,,,,,,
357,CCCXLVII 250,195,308,220,cartaceo,rilegato,,,,,,,,,,,
358,CCCXLVIII 251,147,314,220,cartaceo,rilegato,,,,,,,,,,,
359,CCCXLIX 252,118,322,205,cartaceo,rilegato,,,,,,,,,,,
360,CCCL 253,135,307,230,cartaceo,rilegato,,,,,,,,,,,
361,CCCLI 254,155,263,193,cartaceo,rilegato,,,,,,,,,,,
362,CCCLII 255,373,308,218,cartaceo,rilegato,,,,,,,,,,,
363,CCCLIII 256,101,260,197,cartaceo,rilegato,,,,,,,,,,,
364,CCCLIV 257,,,,cartaceo,fascicoli,,,,,,,,,,,
365,CCCLV 258,,307,210,cartaceo,fascicoli,,,,,,,,,,,
366,CCCLVI 259,179,280,210,cartaceo,rilegato,,,,,,,,,,,
367,CCCLVII 260,148,450,320,cartaceo,rilegato,,,,,,,,,,,
368,CCCLVIII 261,121,320,210,cartaceo,rilegato,,,,,,,,,,,
369,CCCLIX 262,151,360,240,cartaceo,rilegato,,,,,,,,,,,
370,CCCLX 263,382,287,220,cartaceo,rilegato,,,,,,,,,,,
371,CCCLXI 264,124,192,142,cartaceo,rilegato,,,,,,,,,,,
372,CCCLXII 265,,,,cartaceo,fascicoli,,,,,,,,,,,
373,CCCLXIII 266,,,,cartaceo,fascicoli,,,,,,,,,,,
374,CCCLXIV 264,,300,220,cartaceo,fascicoli,,,,,,,,,,,
375,CCCLXV 268,241,253,190,cartaceo,rilegato,,,,,,,,,,,
376,CCCLXVI 269,212,260,192,cartaceo,rilegato,,,,,,,,,,,
377,CCCLXVII 270,117,271,197,cartaceo,rilegato,,,,,,,,,,,
378,CCCLXVIII 271,300,260,190,cartaceo,rilegato,,,,,,,,,,,
379,CCCLXIX 272,190,254,188,cartaceo,rilegato,,,,,,,,,,,
380,CCCLXX 273,80,266,198,cartaceo,rilegato,,,,,,,,,,,
381,CCCLXXI 274,136,260,190,cartaceo,rilegato,,,,,,,,,,,
382,CCCLXXII 372,217,300,200,cartaceo,rilegato,,,,,,,,,,,
383,CCCLXXIII 285,117,312,220,cartaceo,rilegato,,,,,,,,,,,
384,CCCLXXIV 421,40,270,202,cartaceo,rilegato,,,,,,,,,,,
385,CCCLXXV 207,55,278,204,cartaceo,rilegato,,,,,,,,,,,
386,CCCLXXVI,221,282,217,cartaceo,rilegato,,,,,,,,,,,
387,CCCLXXVII,168,270,202,cartaceo,rilegato,,,,,,,,,,,
388,CCCLXXVIII,92,345,231,cartaceo,rilegato,,,,,,,,,,,
389,CCCLXXIX,141,307,217,cartaceo,rilegato,,,,,,,,,,,
390,CCCLXXX,96,340,230,cartaceo,rilegato,,,,,,,,,,,
391,CCCLXXXI,180,318,214,cartaceo,rilegato,,,,,,,,,,,
392,CCCLXXXII,169,310,220,cartaceo,rilegato,,,,,,,,,,,
393,CCCLXXXIII,161,320,228,cartaceo,rilegato,,,,,,,,,,,
394,CCCLXXXIV,56,325,202,cartaceo,rilegato,,,,,,,,,,,
395,CCCLXXXV,121,277,200,cartaceo,rilegato,,,,,,,,,,,
396,CCCLXXXVI,93,515,221,cartaceo,rilegato,,,,,,,,,,Diarium itineris gallici,
397,CCCLXXXVII,142,290,200,cartaceo,rilegato,,,,,,,,,,,
398,CCCLXXXVIII,41,280,209,cartaceo,rilegato,,,,,,,,,,,
399,CCCLXXXIX,96,271,118,cartaceo,rilegato,,,,,,,,,,,
400,CCCXC,82,265,206,cartaceo,rilegato,,,,,,,,,,,
401,CCCXCI,156,278,205,cartaceo,rilegato,,,,,,,,,,,
402,CCCXCII,98,300,210,cartaceo,rilegato,,,,,,,,,,,
403,CCCXCIII,72,268,216,cartaceo,rilegato,,,,,,,,,,,
404,CCCXCIV,100,278,215,cartaceo,rilegato,,,,,,,,,,,
405,CCCXCV,93,251,195,cartaceo,rilegato,,,,,,,,,,,
406,CCCXCVI,147,260,195,cartaceo,rilegato,,,,,,,,,,,
407,CCCXCVII,45,228,232,cartaceo,rilegato,,,,,,,,,,,
408,CCCXCVII,98,312,205,cartaceo,rilegato,,,,,,,,,,,
409,CCCXCIX,78,255,195,cartaceo,rilegato,,,,,,,,,,,
410,CCCC,8,268,203,cartaceo,rilegato,,,,,,,,,,,
411,CCCCI,39,258,200,cartaceo,rilegato,,,,,,,,,,,
412,CCCCII,11,267,197,cartaceo,rilegato,,,,,,,,,,,
413,CCCCIII,41,276,206,cartaceo,rilegato,,,,,,,,,,,
414,CCCCIV,134,253,195,cartaceo,rilegato,,,,,,,,,,,
415,CCCCV,90,267,210,cartaceo,rilegato,,,,,,,,,,,
416,CCCCVI,95,290,204,cartaceo,rilegato,,,,,,,,,,,
417,CCCCVII,4,275,208,cartaceo,rilegato,,,,,,,,,,,
418,CCCCVIII,37,270,203,cartaceo,rilegato,,,,,,,,,,,
419,CCCCIX,13,312,220,cartaceo,rilegato,,,,,,,,,,,
420,CCCX,20,270,205,cartaceo,rilegato,,,,,,,,,,,
421,CCCCXI,61,280,210,cartaceo,rilegato,,,,,,,,,,,
422,CCCCXII,61,276,202,cartaceo,rilegato,,,,,,,,,,,
423,CCCCXIII,61,320,222,cartaceo,rilegato,,,,,,,,,,,
424,CCCCXIV,4,278,203,cartaceo,rilegato,,,,,,,,,,,
425,CCCCXV,77,270,200,cartaceo,rilegato,,,,,,,,,,,
426,CCCCXVI,4,315,210,cartaceo,rilegato,,,,,,,,,,,
427,CCCCXVII,34,310,220,cartaceo,rilegato,,,,,,,,,,,
428,CCCCXVIII,103,270,208,cartaceo,rilegato,,,,,,,,,,,
429,CCCCXIX,54,273,208,cartaceo,rilegato,,,,,,,,,,,
430,CCCCXXI,38,273,202,cartaceo,rilegato,,,,,,,,,,,
431,CCCCXXII,25,308,219,cartaceo,rilegato,,,,,,,,,,,
432,CCCCXXIII,92,322,207,cartaceo,rilegato,,,,,,,,,,,
433,CCCCXXIV,51,297,210,cartaceo,rilegato,,,,,,,,,,,controlla mappe
434,CCCCXXV,56,270,215,cartaceo,rilegato,,,,,,,,,,,
435,CCCCXXVI,28,276,207,cartaceo,rilegato,,,,,,,,,,,
436,CCCCXXVII,80,366,262,cartaceo,rilegato,,,,,,,,,,,
437,CCCCXXVIII,101,405,155,cartaceo,rilegato,,,,,,,,,,,
438,CCCCXXIX,,290,210,cartaceo,fascicoli,,,,,,,,,,,
439,CCCCXXX,,,,cartaceo,fascicoli,,,,,,,,,,,trattato colori
440,CCCCXXXI,,,,cartaceo,raccolte di fogli,,,,,,,,,,,
441,CCCCXXXII,,,,cartaceo,fascicoli,,,,,,,,,,,
442,CCCCXXXIII,,,,cartaceo,fascicoli,,,,,,,,,,,
443,CCCCXXXIV,,,,cartaceo,fascicoli,,,,,,,,,,,
444,CCCCXXXV,,,,cartaceo,fascicoli,,,,,,,,,,,
445,CCCCXXXVI,,,,cartaceo,fascicoli,,,,,,,,,,,
446,CCCCXXXVII,,,,cartaceo,fascicoli,,,,,,,,,,,
447,CCCCXXXVIIIA,,,,cartaceo,raccolte di fogli,,,,,,,,,,,
448,CCCCXXXVIIIB,,,,cartaceo,raccolte di fogli,,,,,,,,,,,
449,CCCCXXXVIIIC,,,,cartaceo,fascicoli,,,,,,,,,,,
450,CCCCCXXXVIIID,,,,cartaceo,raccolte di fogli,,,,,,,,,,,
451,CCCCXXXIX 328,304,283,205,cartaceo,rilegato,,,,,,,,,,,
452,CCCCXL,94,260,200,cartaceo,rilegato,,,,,,,,,,,
453,CCCCXLI,,,,cartaceo,fascicoli,,,,,,,,,,,
454,CCCCXLII,118,155,105,cartaceo,rilegato,,,,,,,,,,,
455,CCCCXLIII 286,42,280,215,cartaceo,rilegato,,,,,,,,,,,
456,CCCCXLIV 287,38,330,230,cartaceo,rilegato,,,,,,,,,,,
457,CCCCXLV 288,34,310,220,cartaceo,rilegato,,,,,,,,,,,
458,CCCCXLVI 289,242,358,268,cartaceo,rilegato,,,,,,,,,,,
459,CCCCXLVII 290,186,174,115,membraceo,rilegato,,,,,,,,,,,
460,CCCCXLVIII 291,148,285,187,cartaceo,rilegato,,,,,,,,,,,
461,CCCCXLIX 292,180,310,215,cartaceo,rilegato,,,,,,,,,,,
462,CCCCL 293,181,200,128,cartaceo,rilegato,,,,,,,,,,,
463,CCCCLI 294,240,222,165,cartaceo,rilegato,,,,,,,,,,,
464,CCCCLII 295,38,320,220,cartaceo,rilegato,,,,,,,,,,,
465,CCCCLIII 296,30,310,210,membraceo,rilegato,,,,,,,,,,,
466,CCCCLIV 297,66,210,145,cartaceo,rilegato,,,,,,,,,,,
467,CCCCLV 298,74,310,210,cartaceo mebraceo,rilegato,,,,,,,,,,,
468,CCCCLVI 299,137,203,145,membraceo,rilegato,,,,,,,,,,,
469,CCCCLVII 300,128,206,150,cartaceo,rilegato,,,,,,,,,,,
470,CCCCLVIII 301,115,240,180,cartaceo,rilegato,,,,,,,,,,,
471,CCCCCLIX 302,97,243,180,membraceo,rilegato,,,,,,,,,,,
472,CCCCLX 303,40,246,165,membraceo,rilegato,,,,,,,,,,,
473,CCCCLXI 304,58,140,90,membraceo,rilegato,,,,,,,,,,,
474,CCCCLXIII 307,122,288,220,bombacino,rilegato,,,,,,,,,,,
475,CCCCLXIV 306,202,161,116,cartaceo,rilegato,,,,,,,,,,,
476,CCCCLXV 308,132,197,155,cartaceo,rilegato,,,,,,,,,,,
477,CCCCLXVI 309,93,208,155,cartaceo,rilegato,,,,,,,,,,,
478,CCCCLXVII 310,134,153,109,cartaceo,rilegato,,,,,,,,,,,
479,CCCCLXVIII 311,48,216,150,cartaceo,rilegato,,,,,,,,,,,
480,CCCCLXIX 312,100,200,143,cartaceo,rilegato,,,,,,,,,,,
481,CCCCLXX 313,85,230,170,cartaceo,rilegato,,,,,,,,,,,
482,CCCCLXXI 314,234,236,180,bombacino,rilegato,,,,,,,,,,,
483,CCCCLXXII 315,121,300,210,cartaceo,rilegato,,,,,,,,,,,
484,CCCCLXXIII 316,50,,,cartaceo,rilegato,,,,,,,,,,,
485,CCCCLXXIV 317,150,287,204,cartaceo,rilegato,,,,,,,,,,,
486,CCCCLXXV 318,291,280,190,cartaceo,rilegato,,,,,,,,,,,
487,CCCCLXXVI 319,57,300,220,cartaceo,rilegato,,,,,,,,,,,
488,CCCCLXXVII 320,455,300,200,cartaceo,rilegato,,,,,,,,,,,
489,CCCCLXXVIII 321,83,260,175,cartaceo,rilegato,,,,,,,,,,,
490,CCCCLXXIX 322,133,,,cartaceo,rilegato,,,,,,,,,,,
491,CCCCLXXX 323,130,240,180,cartaceo,rilegato,,,,,,,,,,,
492,CCCCLXXXI 324,152,165,115,cartaceo,rilegato,,,,,,,,,,,
493,CCCCLXXXII 325,80,145,102,cartaceo,rilegato,,,,,,,,,,,
494,CCCCXXXIII 326,60,253,180,cartaceo,rilegato,,,,,,,,,,,
495,CCCCLXXXIV 327,106,245,170,cartaceo,rilegato,,,,,,,,,,,
496,CCCCLXXXV 329,148,218,150,bombacino,rilegato,,,,,,,,,,,
497,CCCCLXXXVI 330,36,230,145,bombacino,rilegato,,,,,,,,,,,
498,CCCCLXXXVII 331,94,205,137,membraceo,rilegato,,,,,,,,,,,
499,CCCCLXXXVIII 322,142,275,195,membraceo,rilegato,,,,,,,,,,,
500,CCCCLXXXIX 333,38,180,135,cartaceo,rilegato,,,,,,,,,,,
501,CCCCXC 334,100,,,cartaceo,rilegato,,,,,,,,,,,
502,CCCCXCI 335,210,270,143,cartaceo,rilegato,,,,,,,,,,,
503,CCCCXCII 337,41,154,111,cartaceo,rilegato,,,,,,,,,,,
504,CCCCXCIII 338,131,220,160,cartaceo,rilegato,,,,,,,,,,,
505,CCCCXCIV 339,48,340,240,cartaceo,rilegato,,,,,,,,,,,
506,CCCCXCV 340,156,200,140,cartaceo,rilegato,,,,,,,,,,,
507,CCCCXCVI 341,90,250,150,cartaceo,rilegato,,,,,,,,,,,
508,CCCCXCVII 342,357,230,155,cartaceo,rilegato,,,,,,,,,,,
509,CCCCXCVIII 348,182,225,162,membraceo,rilegato,,,,,,,,,,,
510,CCCCXCIX 346,82,300,210,cartaceo,rilegato,,,,,,,,,,,
511,D 352,58,250,170,membraceo,rilegato,,,,,,,,,,,
512,DI 362,89,200,140,membraceo,rilegato,,,,,,,,,,,
513,DII 366,211,200,150,cartaceo,rilegato,,,,,,,,,,,
514,DIII 367,62,210,145,bombacino,rilegato,,,,,,,,,,,
515,DIV 368,70,245,170,membraceo,rilegato,,,,,,,,,,,
516,DV 373,176,210,160,membraceo,rilegato,,,,,,,,,,,
517,DVI 385,98,142,250,cartaceo,rilegato,,,,,,,,,,,
518,DVII 386,30,193,145,cartaceo,rilegato,,,,,,,,,,,
519,DVIII 387,256,340,240,membraceo,rilegato,,,,,,,,,,,
520,DIX 398,42,220,290,cartaceo,rilegato,,,,,,,,,,,
521,DX 397,41,300,200,cartaceo,rilegato,,,,,,,,,,,
522,DXI 395,161,315,220,cartaceo,rilegato,,,,,,,,,,,
523,DXII 399,59,220,160,cartaceo,rilegato,,,,,,,,,,,
524,DXIII 402,18,200,135,cartaceo,rilegato,,,,,,,,,,,
525,DXIV 410,59,250,178,cartaceo,rilegato,,,,,,,,,,,
526,DXV 419,33,180,125,cartaceo,rilegato,,,,,,,,,,,
527,DXVI 344,20,190,130,cartaceo,rilegato,,,,,,,,,,,
528,DXVII 423,74,195,143,cartaceo,rilegato,,,,,,,,,,,
529,DXVIII 424,19,193,139,membraceo,rilegato,,,,,,,,,,,
530,DXIX,187,233,168,cartaceo,rilegato,,,,,,,,,,,
531,DXX,230,220,153,cartaceo,rilegato,,,,,,,,,,Musellli Mar. Ioseph.: acta ecclesae veronensis vol. 1,NUMERO PAGINE TRA 200-230
532,DXXI,230,220,153,cartaceo,rilegato,,,,,,,,,,Musellli Mar. Ioseph.: acta ecclesae veronensis vol. 2,
533,DXXII,230,220,153,cartaceo,rilegato,,,,,,,,,,Musellli Mar. Ioseph.: acta ecclesae veronensis vol. 3,
534,DXXIII,230,220,153,cartaceo,rilegato,,,,,,,,,,Musellli Mar. Ioseph.: acta ecclesae veronensis vol. 4,
535,DXXIV,230,220,153,cartaceo,rilegato,,,,,,,,,,Musellli Mar. Ioseph.: acta ecclesae veronensis vol. 5,
536,DXXV,230,220,153,cartaceo,rilegato,,,,,,,,,,Musellli Mar. Ioseph.: acta ecclesae veronensis vol. 6,
537,DXXVI,230,220,153,cartaceo,rilegato,,,,,,,,,,Musellli Mar. Ioseph.: acta ecclesae veronensis vol. 7,
538,DXXVII,230,220,153,cartaceo,rilegato,,,,,,,,,,Musellli Mar. Ioseph.: acta ecclesae veronensis vol. 8,
539,DXXVIII,230,220,153,cartaceo,rilegato,,,,,,,,,,Musellli Mar. Ioseph.: acta ecclesae veronensis vol. 9,
540,DXXIX,230,220,153,cartaceo,rilegato,,,,,,,,,,Musellli Mar. Ioseph.: acta ecclesae veronensis vol. 10,
541,DXXX,230,220,153,cartaceo,rilegato,,,,,,,,,,Musellli Mar. Ioseph.: acta ecclesae veronensis vol. 11,
542,DXXXI,230,220,153,cartaceo,rilegato,,,,,,,,,,Musellli Mar. Ioseph.: acta ecclesae veronensis vol. 12,
543,DXXXII,230,220,153,cartaceo,rilegato,,,,,,,,,,Musellli Mar. Ioseph.: acta ecclesae veronensis vol. 13,
544,DXXXIII,230,220,153,cartaceo,rilegato,,,,,,,,,,Musellli Mar. Ioseph.: acta ecclesae veronensis vol. 14,
545,DXXXIV,230,220,153,cartaceo,rilegato,,,,,,,,,,Musellli Mar. Ioseph.: acta ecclesae veronensis vol. 15,
546,DXXXV,230,220,153,cartaceo,rilegato,,,,,,,,,,Musellli Mar. Ioseph.: acta ecclesae veronensis vol. 16,
547,DXXXVI,230,220,153,cartaceo,rilegato,,,,,,,,,,Musellli Mar. Ioseph.: acta ecclesae veronensis vol. 17,
548,DXXXVII,230,220,153,cartaceo,rilegato,,,,,,,,,,Musellli Mar. Ioseph.: acta ecclesae veronensis vol. 18,
549,DXXXVIII,230,220,153,cartaceo,rilegato,,,,,,,,,,Musellli Mar. Ioseph.: acta ecclesae veronensis vol. 19,
550,DXXXIX,230,220,153,cartaceo,rilegato,,,,,,,,,,Musellli Mar. Ioseph.: acta ecclesae veronensis vol. 20,
551,DXL,230,220,153,cartaceo,rilegato,,,,,,,,,,Musellli Mar. Ioseph.: acta ecclesae veronensis vol. 21,
552,DXLI,230,220,153,cartaceo,rilegato,,,,,,,,,,Musellli Mar. Ioseph.: acta ecclesae veronensis vol. 22,
553,DXLII,230,220,153,cartaceo,rilegato,,,,,,,,,,Musellli Mar. Ioseph.: acta ecclesae veronensis vol. 23,
554,DXLIII,230,220,153,cartaceo,rilegato,,,,,,,,,,Musellli Mar. Ioseph.: acta ecclesae veronensis vol. 24,
555,DXLIV,230,220,153,cartaceo,rilegato,,,,,,,,,,Musellli Mar. Ioseph.: acta ecclesae veronensis vol. 25,
556,DXLV,230,220,153,cartaceo,rilegato,,,,,,,,,,Musellli Mar. Ioseph.: acta ecclesae veronensis vol. 26,
557,DXLVI,230,220,153,cartaceo,rilegato,,,,,,,,,,Musellli Mar. Ioseph.: acta ecclesae veronensis vol. 27,
558,DXLVII,230,220,153,cartaceo,rilegato,,,,,,,,,,Musellli Mar. Ioseph.: acta ecclesae veronensis vol. 28,
559,DXLVIII,230,220,153,cartaceo,rilegato,,,,,,,,,,Musellli Mar. Ioseph.: acta ecclesae veronensis vol. 29,
560,DXLIX,230,220,153,cartaceo,rilegato,,,,,,,,,,Musellli Mar. Ioseph.: acta ecclesae veronensis vol. 30,
561,DL,230,220,153,cartaceo,rilegato,,,,,,,,,,Musellli Mar. Ioseph.: acta ecclesae veronensis vol. 31,
562,DLI,230,220,153,cartaceo,rilegato,,,,,,,,,,Musellli Mar. Ioseph.: acta ecclesae veronensis vol. 32,
563,DLII,230,220,153,cartaceo,rilegato,,,,,,,,,,Musellli Mar. Ioseph.: acta ecclesae veronensis vol. 33,
564,DLIII,230,220,153,cartaceo,rilegato,,,,,,,,,,Musellli Mar. Ioseph.: acta ecclesae veronensis vol. 34,
565,DLIV,230,220,153,cartaceo,rilegato,,,,,,,,,,Musellli Mar. Ioseph.: acta ecclesae veronensis vol. 35,
566,DLV,230,220,153,cartaceo,rilegato,,,,,,,,,,Musellli Mar. Ioseph.: acta ecclesae veronensis vol. 36,
567,DLVI,230,220,153,cartaceo,rilegato,,,,,,,,,,Musellli Mar. Ioseph.: acta ecclesae veronensis vol. 37,
568,DLVII,230,220,153,cartaceo,rilegato,,,,,,,,,,Musellli Mar. Ioseph.: acta ecclesae veronensis vol. 38,
569,DLVIII,230,220,153,cartaceo,rilegato,,,,,,,,,,Musellli Mar. Ioseph.: acta ecclesae veronensis vol. 39,
570,DLIX,230,220,153,cartaceo,rilegato,,,,,,,,,,Musellli Mar. Ioseph.: acta ecclesae veronensis vol. 40,
571,DLX,230,220,153,cartaceo,rilegato,,,,,,,,,,Musellli Mar. Ioseph.: acta ecclesae veronensis vol. 41,
572,DLXI,230,220,153,cartaceo,rilegato,,,,,,,,,,Musellli Mar. Ioseph.: acta ecclesae veronensis vol. 42,
573,DLXII,230,220,153,cartaceo,rilegato,,,,,,,,,,Musellli Mar. Ioseph.: acta ecclesae veronensis vol. 43,
574,DLXIII,230,220,153,cartaceo,rilegato,,,,,,,,,,Musellli Mar. Ioseph.: acta ecclesae veronensis vol. 44,
575,DLXIV,230,220,153,cartaceo,rilegato,,,,,,,,,,Musellli Mar. Ioseph.: acta ecclesae veronensis vol. 45,
576,DLXV,230,220,153,cartaceo,rilegato,,,,,,,,,,Musellli Mar. Ioseph.: acta ecclesae veronensis vol. 46,
577,DLXVI,230,220,153,cartaceo,rilegato,,,,,,,,,,Musellli Mar. Ioseph.: acta ecclesae veronensis vol. 47,
578,DLXVII,230,220,153,cartaceo,rilegato,,,,,,,,,,Musellli Mar. Ioseph.: acta ecclesae veronensis vol. 48,
579,DLXVIII,230,220,153,cartaceo,rilegato,,,,,,,,,,Musellli Mar. Ioseph.: acta ecclesae veronensis vol. 49,
580,DLXIX,230,220,153,cartaceo,rilegato,,,,,,,,,,Musellli Mar. Ioseph.: acta ecclesae veronensis vol. 50,
581,DLXX,230,220,153,cartaceo,rilegato,,,,,,,,,,Musellli Mar. Ioseph.: acta ecclesae veronensis vol. 51,
582,DLXXI,230,220,153,cartaceo,rilegato,,,,,,,,,,Musellli Mar. Ioseph.: acta ecclesae veronensis vol. 52,
583,DLXXII,230,220,153,cartaceo,rilegato,,,,,,,,,,Musellli Mar. Ioseph.: acta ecclesae veronensis vol. 53,
584,DLXXIII,230,220,153,cartaceo,rilegato,,,,,,,,,,Musellli Mar. Ioseph.: acta ecclesae veronensis vol. 54,
585,DLXXIV,230,220,153,cartaceo,rilegato,,,,,,,,,,Musellli Mar. Ioseph.: acta ecclesae veronensis vol. 55,
586,DLXXV,230,220,153,cartaceo,rilegato,,,,,,,,,,Musellli Mar. Ioseph.: acta ecclesae veronensis vol. 56,
587,DLXXVI,230,220,153,cartaceo,rilegato,,,,,,,,,,Musellli Mar. Ioseph.: acta ecclesae veronensis vol. 57,
588,DLXXVII,230,220,153,cartaceo,rilegato,,,,,,,,,,Musellli Mar. Ioseph.: acta ecclesae veronensis vol. 58,
589,DLXXVIII,230,220,153,cartaceo,rilegato,,,,,,,,,,Musellli Mar. Ioseph.: acta ecclesae veronensis vol. 59,
590,DLXXIX,230,220,153,cartaceo,rilegato,,,,,,,,,,Musellli Mar. Ioseph.: acta ecclesae veronensis vol. 60,
591,DLXXX,230,220,153,cartaceo,rilegato,,,,,,,,,,Musellli Mar. Ioseph.: acta ecclesae veronensis vol. 61,
592,DLXXXI,230,220,153,cartaceo,rilegato,,,,,,,,,,Musellli Mar. Ioseph.: acta ecclesae veronensis vol. 62,
593,DLXXXII,230,220,153,cartaceo,rilegato,,,,,,,,,,Musellli Mar. Ioseph.: acta ecclesae veronensis vol. 63,
594,DLXXXIII,230,220,153,cartaceo,rilegato,,,,,,,,,,Musellli Mar. Ioseph.: acta ecclesae veronensis vol. 64,
595,DLXXXIV,230,220,153,cartaceo,rilegato,,,,,,,,,,Musellli Mar. Ioseph.: acta ecclesae veronensis vol. 65,
596,DLXXXV,230,220,153,cartaceo,rilegato,,,,,,,,,,Musellli Mar. Ioseph.: acta ecclesae veronensis vol. 66,
597,DLXXXVI,230,220,153,cartaceo,rilegato,,,,,,,,,,Musellli Mar. Ioseph.: acta ecclesae veronensis vol. 67,
598,DLXXXVII,230,220,153,cartaceo,rilegato,,,,,,,,,,Musellli Mar. Ioseph.: acta ecclesae veronensis vol. 68,
599,DLXXXVIII,230,220,153,cartaceo,rilegato,,,,,,,,,,Musellli Mar. Ioseph.: acta ecclesae veronensis vol. 69,
600,DLXXXIX,230,220,153,cartaceo,rilegato,,,,,,,,,,Musellli Mar. Ioseph.: acta ecclesae veronensis vol. 70,
601,DXC,230,220,153,cartaceo,rilegato,,,,,,,,,,Musellli Mar. Ioseph.: acta ecclesae veronensis vol. 71,
602,DXCI,230,220,153,cartaceo,rilegato,,,,,,,,,,Musellli Mar. Ioseph.: acta ecclesae veronensis vol. 72,
603,DXCII,230,220,153,cartaceo,rilegato,,,,,,,,,,Musellli Mar. Ioseph.: acta ecclesae veronensis vol. 73,
604,DXCIII,230,220,153,cartaceo,rilegato,,,,,,,,,,Musellli Mar. Ioseph.: acta ecclesae veronensis vol. 74,
605,DXCIV,230,220,153,cartaceo,rilegato,,,,,,,,,,Musellli Mar. Ioseph.: acta ecclesae veronensis vol. 75,
606,DXCV,230,220,153,cartaceo,rilegato,,,,,,,,,,Musellli Mar. Ioseph.: acta ecclesae veronensis vol. 76,
607,DXCVI,230,220,153,cartaceo,rilegato,,,,,,,,,,Musellli Mar. Ioseph.: acta ecclesae veronensis vol. 77,
608,DXCVII,209,220,153,cartaceo,rilegato,,,,,,,,,,,
609,DXCVIII,180,220,153,cartaceo,rilegato,,,,,,,,,,,
610,DXCIX,180,220,153,cartaceo,rilegato,,,,,,,,,,,
611,DC,180,220,153,cartaceo,rilegato,,,,,,,,,,,
612,DCI,180,220,153,cartaceo,rilegato,,,,,,,,,,,
613,DCII,200,220,254,cartaceo,rilegato,,,,,,,,,,Index rerum et verborum,FOGLI TRA 180-200
614,DCIII,200,220,254,cartaceo,rilegato,,,,,,,,,,Index rerum et verborum,
615,DCIV,200,220,254,cartaceo,rilegato,,,,,,,,,,Index rerum et verborum,
616,DCV,200,220,254,cartaceo,rilegato,,,,,,,,,,Index rerum et verborum,
617,DCVI,200,220,254,cartaceo,rilegato,,,,,,,,,,,
618,DCVII,122,223,122,cartaceo,rilegato,,,,,,,,,,,
619,DCVIII,157,220,150,cartaceo,rilegato,,,,,,,,,,,
620,DCIX,161,218,150,cartaceo,rilegato,,,,,,,,,,,
621,DCX,149,222,150,cartaceo,rilegato,,,,,,,,,,,
622,DCXI,120,222,155,cartaceo,rilegato,,,,,,,,,,,
623,DCXII,157,210,155,cartaceo,rilegato,,,,,,,,,,,
624,DCXIII,118,220,150,cartaceo,rilegato,,,,,,,,,,,
625,DCXIV,138,220,153,cartaceo,rilegato,,,,,,,,,,,
626,DCXV,147,220,153,cartaceo,rilegato,,,,,,,,,,,
627,DCXVI,159,222,153,cartaceo,rilegato,,,,,,,,,,,
628,DCXVII,150,220,153,cartaceo,rilegato,,,,,,,,,,,
629,DCXVIII,136,217,150,cartaceo,rilegato,,,,,,,,,,,
630,DCXIX,176,220,154,cartaceo,rilegato,,,,,,,,,,,
631,DCXX,166,218,153,cartaceo,rilegato,,,,,,,,,,,
632,DCXX bis,30,220,150,cartaceo,rilegato,,,,,,,,,,,
633,DCXXI,,240,165,cartaceo,fascicoli,,,,,,,,,,Muselli M.Giuseppe: Glossarium Bullae,
634,DCXXII,,240,165,cartaceo,fascicoli,,,,,,,,,,Muselli M.Giuseppe: Glossarium Bullae,
635,DCXXIII,,240,165,cartaceo,fascicoli,,,,,,,,,,Muselli M.Giuseppe: Glossarium Bullae,
636,DCXXIV,,240,165,cartaceo,fascicoli,,,,,,,,,,Muselli M.Giuseppe: Glossarium Bullae,
637,DCXXV,,240,165,cartaceo,fascicoli,,,,,,,,,,Muselli M.Giuseppe: Glossarium Bullae,
638,DCXXVI,,240,165,cartaceo,fascicoli,,,,,,,,,,Muselli M.Giuseppe: Glossarium Bullae,
639,DCXXVII,,240,165,cartaceo,fascicoli,,,,,,,,,,Muselli M.Giuseppe: Glossarium Bullae,
640,DCXXVIII,,240,165,cartaceo,fascicoli,,,,,,,,,,Muselli M.Giuseppe: Glossarium Bullae,
641,DCXXIX,,240,165,cartaceo,fascicoli,,,,,,,,,,Muselli M.Giuseppe: Glossarium Bullae,
642,DCXXX,,240,165,cartaceo,fascicoli,,,,,,,,,,Muselli M.Giuseppe: Glossarium Bullae,
643,DCXXXI,,240,165,cartaceo,fascicoli,,,,,,,,,,Muselli M.Giuseppe: Glossarium Bullae,
644,DCXXXII,,240,165,cartaceo,fascicoli,,,,,,,,,,Muselli M.Giuseppe: Glossarium Bullae,
645,DCXXXIII,,240,165,cartaceo,fascicoli,,,,,,,,,,,
646,DCXXXIV,,240,165,cartaceo,fascicoli,,,,,,,,,,,
647,DCXXXV,,218,160,cartaceo,fascicoli,,,,,,,,,,,
648,DCXXXVI,,218,160,cartaceo,fascicoli,,,,,,,,,,,
649,DCXXXVII,,218,160,cartaceo,fascicoli,,,,,,,,,,,
650,DCXXXVIII,129,226,155,cartaceo,rilegato,,,,,,,,,,,
651,DCXXXIX,160,226,155,cartaceo,rilegato,,,,,,,,,,,
652,DCXL,147,226,155,cartaceo,rilegato,,,,,,,,,,,
653,DCXLI,,234,175,cartaceo,fascicoli,,,,,,,,,,,
654,DCXLII,,234,175,cartaceo,fascicoli,,,,,,,,,,,
655,DCXLIII,,234,175,cartaceo,fascicoli,,,,,,,,,,,
656,DCXLIV,62,131,150,cartaceo,rilegato,,,,,,,,,,,
657,DCXLV,164,131,150,cartaceo,rilegato,,,,,,,,,,,
658,DCXLVI,140,220,150,cartaceo,rilegato,,,,,,,,,,,
659,DCXLVII,135,220,150,cartaceo,rilegato,,,,,,,,,,,
660,DCXLVIII,139,220,150,cartaceo,rilegato,,,,,,,,,,,
661,DCXLIX,,250,167,cartaceo,rilegato,,,,,,,,,,,
662,DCL,,,,cartaceo,rilegato,,,,,,,,,,,
663,DCLI,158,279,200,cartaceo,rilegato,,,,,,,,,,,
664,DCLII,114,260,195,cartaceo,rilegato,,,,,,,,,,,
665,DCLIII,23,260,190,cartaceo,rilegato,,,,,,,,,,,
666,DCLIV,30,270,190,cartaceo,rilegato,,,,,,,,,,,
667,DCLV,247,250,190,cartaceo,rilegato,,,,,,,,,,,
668,DCLVI,147,240,130,cartaceo,rilegato,,,,,,,,,,,
669,DCLVII,45,258,190,cartaceo,rilegato,,,,,,,,,,,
670,DCLVIII,99,260,185,cartaceo,rilegato,,,,,,,,,,,
671,DCLIX,255,240,178,cartaceo,rilegato,,,,,,,,,,,
672,DCLX,46,245,185,cartaceo,rilegato,,,,,,,,,,,
673,DCLXI,26,240,172,cartaceo,rilegato,,,,,,,,,,,
674,DCLXII,146,245,170,cartaceo,rilegato,,,,,,,,,,,
675,DCLXIII,603,213,175,cartaceo,rilegato,,,,,,,,,,,
676,DCLXIV,1320,235,165,cartaceo,rilegato,,,,,,,,,,,
677,DCLXV,1320,235,165,cartaceo,rilegato,,,,,,,,,,,
678,DCLXVI,1320,235,165,cartaceo,rilegato,,,,,,,,,,,
679,DCLXVII,1320,235,165,cartaceo,rilegato,,,,,,,,,,,
680,DCLXVIII,119,240,175,cartaceo,rilegato,,,,,,,,,,,
681,DCLXIX,130,235,173,cartaceo,rilegato,,,,,,,,,,,
682,DCLXX,27,227,180,cartaceo,rilegato,,,,,,,,,,,
683,DCLXXI,52,236,172,cartaceo,rilegato,,,,,,,,,,,
684,DCLXXII,421,228,170,cartaceo,rilegato,,,,,,,,,,,
685,DCLXXIII,199,223,167,cartaceo,rilegato,,,,,,,,,,,
686,DCLXXIV,215,224,167,cartaceo,rilegato,,,,,,,,,,,
687,DCLXXV,130,219,150,cartaceo,rilegato,,,,,,,,,,,
688,DCLXXVI,121,219,150,cartaceo,rilegato,,,,,,,,,,,
689,DCLXXVII,144,222,155,cartaceo,rilegato,,,,,,,,,,,
690,DCLXXVIII,87,219,150,cartaceo,rilegato,,,,,,,,,,,
691,DCLXXIX,360,225,157,cartaceo,rilegato,,,,,,,,,,,
692,DCLXXX,13,217,141,cartaceo,rilegato,,,,,,,,,,,
693,DCLXXXI,192,231,153,cartaceo,rilegato,,,,,,,,,,,
694,DCLXXXII,110,207,146,cartaceo,rilegato,,,,,,,,,,,
695,DCLXXXIII,29,250,163,membraceo,rilegato,,,,,,,,,,,
696,DCLXXXIV,84,247,171,membraceo,rilegato,,,,,,,,,,,
697,DCLXXXV,76,219,156,cartaceo,rilegato,,,,,,,,,,,
698,DCLXXXVI,120,222,150,cartaceo,rilegato,,,,,,,,,,,
699,DCLXXXVII,35,222,162,cartaceo,rilegato,,,,,,,,,,,
700,DCLXXXVIII,92,210,160,cartaceo,rilegato,,,,,,,,,,,
701,DCLXXXIX,58,220,155,membraceo,rilegato,,,,,,,,,,,
702,DCXC,86,210,153,cartaceo,rilegato,,,,,,,,,,,
703,DCXCI,5,218,160,cartaceo,rilegato,,,,,,,,,,,
704,DCXCII,56,207,145,cartaceo,rilegato,,,,,,,,,,,
705,DCXCIII,57,215,150,cartaceo,rilegato,,,,,,,,,,,
706,DCXCIV,183,210,154,cartaceo,rilegato,,,,,,,,,,,
707,DCXCV,54,200,110,membraceo,rilegato,,,,,,,,,,,
708,DCXCVI,203,203,146,cartaceo,rilegato,,,,,,,,,,,
709,DCXCVII,215,200,150,cartaceo,rilegato,,,,,,,,,,,
710,DCXCVIII,42,190,132,membraceo,rilegato,,,,,,,,,,,
711,DCXCIX,16,195,143,cartaceo,rilegato,,,,,,,,,,,
712,DCC,16,195,137,cartaceo,rilegato,,,,,,,,,,,
713,DCCI,16,212,155,cartaceo,rilegato,,,,,,,,,,,
714,DCCII,28,218,75,cartaceo,rilegato,,,,,,,,,,Tariffa de ducati venetiani in oro tradotti in ducati correnti,
715,DCCIII,3,222,160,membraceo,rilegato,,,,,,,,,,,
716,DCCIV,16,250,180,cartaceo,rilegato,,,,,,,,,,,
717,DCCV,25,243,180,cartaceo,rilegato,,,,,,,,,,,
718,DCCVI,,237,170,cartaceo,rilegato,,,,,,,,,,,
719,DCCVII,94,210,155,cartaceo,rilegato,,,,,,,,,,,
720,DCCVIII,153,207,152,cartaceo,rilegato,,,,,,,,,,,
721,DCCIX,62,210,152,cartaceo,rilegato,,,,,,,,,,,
722,DCCX,74,206,154,cartaceo,rilegato,,,,,,,,,,,
723,DCCXI,94,202,155,cartaceo,rilegato,,,,,,,,,,,
724,DCCXII,126,210,153,cartaceo,rilegato,,,,,,,,,,,
725,DCCXIII,112,203,143,cartaceo,rilegato,,,,,,,,,,,
726,DCCXIV,73,195,142,cartaceo,rilegato,,,,,,,,,,,
727,DCCXV,94,201,145,cartaceo,rilegato,,,,,,,,,,,
728,DCCXVI,22,165,157,cartaceo,rilegato,,,,,,,,,,,
729,DCCXVII,127,192,145,cartaceo,rilegato,,,,,,,,,,,
730,DCCXVIII,47,200,148,cartaceo,rilegato,,,,,,,,,,,
731,DCCXIX,44,190,144,cartaceo,rilegato,,,,,,,,,,,
732,DCCXX,79,203,144,cartaceo,rilegato,,,,,,,,,,,
733,DCCXXI,39,180,128,cartaceo,rilegato,,,,,,,,,,,
734,DCCXXII,126,202,140,cartaceo,rilegato,,,,,,,,,,,
735,DCCXXIII,292,202,140,cartaceo,rilegato,,,,,,,,,,,
736,DCCXXIV,116,202,140,cartaceo,rilegato,,,,,,,,,,,
737,DCCXXV,459,177,121,cartaceo,rilegato,,,,,,,,,,,
738,DCCXXVI,435,177,121,cartaceo,rilegato,,,,,,,,,,,
739,DCCXXVII,125,179,131,cartaceo,rilegato,,,,,,,,,,,
740,DCCXXVIII,164,205,157,cartaceo,rilegato,,,,,,,,,,,
741,DCCXXIX,34,160,115,cartaceo,rilegato,,,,,,,,,,,
742,DCCXXX,62,160,115,cartaceo,rilegato,,,,,,,,,,,
743,DCCXXXI,52,160,115,cartaceo,rilegato,,,,,,,,,,,
744,DCCXXXII,102,159,111,cartaceo,rilegato,,,,,,,,,,,
745,DCCXXXIII,55,175,130,membraceo,rilegato,,,,,,,,,,,
746,DCCXXXIV,18,160,124,membraceo,rilegato,,,,,,,,,,,
747,DCCXXXV,51,135,95,membraceo,rilegato,,,,,,,,,,,
748,DCCXXXVI,65,150,115,membraceo,rilegato,,,,,,,,,,,
749,DCCXXXVII,69,150,105,cartaceo,rilegato,,,,,,,,,,,
750,DCCXXXVIII,64,143,97,cartaceo,rilegato,,,,,,,,,,,
751,DCCXXXIX,193,140,100,cartaceo,rilegato,,,,,,,,,,,
752,DCCXL,49,138,100,membraceo,rilegato,,,,,,,,,,,
753,DCCXLI,68,141,100,membraceo,rilegato,,,,,,,,,,,
754,DCCXLII,73,145,95,cartaceo,rilegato,,,,,,,,,,,
755,DCCXLIII,49,150,113,cartaceo,rilegato,,,,,,,,,,,
756,DCCXLIV,93,142,93,cartaceo,rilegato,,,,,,,,,,,
757,DCCXLV,37,130,98,cartaceo,rilegato,,,,,,,,,,,
758,DCCXLVI,109,130,98,membraceo,rilegato,,,,,,,,,,,
759,DCCXLVII,86,113,85,membraceo,rilegato,,,,,,,,,,Summa confessionis,
760,DCCXLVIII,260,105,75,membraceo,rilegato,,,,,,,,,,Collectiones variae ex ss.Patribus canonibus,
761,DCCXLIX,233,105,75,membraceo,rilegato,,,,,,,,,,Officum B.M.Virginis Et alia officia,
762,DCCL,95,100,54,cartaceo,rilegato,,,,,,,,,,Libro di preghiere,
763,DCCLI,98,94,66,cartaceo,rilegato,,,,,,,,,,Altomoro Re di Persia,
764,DCCLII,233,76,55,membraceo,rilegato,,,,,,,,,,Officum B.M.V. Et alia officia,
765,DCCLIII,175,67,50,membraceo,rilegato,,,,,,,,,,Officum B.M.Virginis Et alia officia,
766,DCCLIV,290,105,75,membraceo,rilegato,,,,,,,,,,Officum B.M.Virginis Et alia officia,
767,DCCLV,130,,,cartaceo,rilegato,,,,,,,,,,Missae et hymni sub notis musicis,
768,DCCLVI,162,320,220,membraceo,rilegato,,,,,,,,,,Missae com notis musicis,
769,DCCLVII,67,215,330,cartaceo,rilegato,,,,,,,,,,Solfeggi del canto,
770,DCCLVIII,119,450,340,cartaceo,rilegato,,,,,,,,,,Antiphonae et psalmi sub notis musicis,
771,DCCLIX,98,445,330,cartaceo,rilegato,,,,,,,,,,"Missae, antiphonae,hymni et psalmi sub notis musicis",
772,DCCLX,110,445,330,cartaceo,rilegato,,,,,,,,,,Antiphonae et psalmi sub notis musicis,
773,DCCLXI,225,570,425,membraceo,rilegato,,,,,,,,,,Missae con notis musicis,
774,DCCLXII,6,540,390,membraceo,rilegato,,,,,,,,,,Initia sacrae scripturae,
775,DCCLXIII,7,360,535,cartaceo,rilegato,,,,,,,,,,"Disegni, profilo e pianta del bagno del palazzo di Augusto",
776,DCCLXIV,90,550,410,cartaceo,rilegato,,,,,,,,,,Bernardi Stefano: missae et psalmi,
777,DCCLXV,74,375,255,membraceo,rilegato,,,,,,,,,,,
778,DCCLXVI,141,355,250,cartaceo,rilegato,,,,,,,,,,,
779,DCCLXVII,226,345,240,cartaceo,rilegato,,,,,,,,,,,
780,DCCLXVIII,215,320,220,cartaceo,rilegato,,,,,,,,,,,
781,DCCLXIX,98,345,240,cartaceo,rilegato,,,,,,,,,,,
782,DCCLXX,,,,cartaceo,fascicoli,,,,,,,,,,,
783,DCCLXXI,73,335,223,cartaceo,rilegato,,,,,,,,,,,
784,DCCLXXII,80,300,205,cartaceo,rilegato,,,,,,,,,,,
785,DCCLXXIII,77,330,230,cartaceo,rilegato,,,,,,,,,,,
786,DCCLXXIV,52,3112,215,cartaceo,rilegato,,,,,,,,,,Bagatta raf. e peretti giamba. lettere,
787,DCCLXXV,433,305,215,cartaceo,rilegato,,,,,,,,,,,
788,DCCLXXVI,415,310,205,cartaceo,rilegato,,,,,,,,,,,
789,DCCLXXVII,47,308,28,cartaceo,rilegato,,,,,,,,,,Libardi Caroli chronologia canonicorum,
790,DCCLXXVIII,118,,,cartaceo,rilegato,,,,,,,,,,,
791,DCCLXXVIII,217,,,cartaceo,rilegato,,,,,,,,,,,
792,DCCLXXIX,224,310,210,cartaceo,rilegato,,,,,,,,,,,
793,DCCLXXX,284,290,195,cartaceo,rilegato,,,,,,,,,,,
794,DCCLXXXI,33,430,189,membraceo,rilegato,,,,,,,,,,,
795,DCCLXXXII,,,,cartaceo,raccolte di fogli,,,,,,,,,,,
796,DCCLXXXIII,246,300,200,cartaceo,rilegato,,,,,,,,,,,
797,DCCLXXXIV,,,,cartaceo,raccolte di fogli,,,,,,,,,,,
798,DCCLXXXV,49,300,210,cartaceo,rilegato,,,,,,,,,,,
799,DCCLXXXVI,426,302,212,cartaceo,raccolte di fogli,,,,,,,,,,,
800,DCCLXXXVII,233,300,205,cartaceo,rilegato,,,,,,,,,,,
801,DCCLXXXVIII,56,310,210,cartaceo,rilegato,,,,,,,,,,,
802,DCCLXXXIX,243,310,215,cartaceo,rilegato,,,,,,,,,,,
803,DCCXC,263,300,200,cartaceo,rilegato,,,,,,,,,,,
804,DCCXCI,,,,cartaceo,raccolte di fogli,,,,,,,,,,,
805,DCCXCII,,,,cartaceo,raccolte di fogli,,,,,,,,,,,
806,DCCXCIII,75,300,205,cartaceo,rilegato,,,,,,,,,,,
807,DCCXCIV,107,,,cartaceo,raccolte di fogli,,,,,,,,,,,
808,DCCXCV,64,300,190,cartaceo,rilegato,,,,,,,,,,,
809,DCCXCVI,87,290,210,cartaceo,rilegato,,,,,,,,,,,
810,DCCXCVII,97,308,225,cartaceo,rilegato,,,,,,,,,,,
811,DCCXCVIII,22,278,195,cartaceo,rilegato,,,,,,,,,,,
812,DCCXCIX,58,230,180,cartaceo,rilegato,,,,,,,,,,,
813,DCCC,55,278,212,cartaceo,rilegato,,,,,,,,,,,
814,DCCCI,,,,cartaceo,raccolte di fogli,,,,,,,,,,,
815,DCCCII,29,277,197,cartaceo,rilegato,,,,,,,,,,,
816,DCCCIII,17,260,183,cartaceo,rilegato,,,,,,,,,,,
817,DCCCIV,24,270,198,cartaceo,rilegato,,,,,,,,,,,
818,DCCCV,151,246,180,cartaceo,rilegato,,,,,,,,,,,
819,DCCCVI,49,279,211,cartaceo,rilegato,,,,,,,,,,,
820,DCCCVII,16,250,180,cartaceo,rilegato,,,,,,,,,,,
821,DCCCVIII,172,250,178,cartaceo,rilegato,,,,,,,,,,,
822,DCCCIX,52,243,200,cartaceo,rilegato,,,,,,,,,,,
823,DCCCX,18,315,225,cartaceo,rilegato,,,,,,,,,,,
824,DCCCXI,101,290,217,cartaceo,rilegato,,,,,,,,,,,
825,DCCCXII,80,345,245,membraceo,rilegato,,,,,,,,,,,
826,DCCCXIII,137,320,230,cartaceo,rilegato,,,,,,,,,,,
827,DCCCXIV,152,320,230,cartaceo,rilegato,,,,,,,,,,,
828,DCCCXV,12,320,230,cartaceo,rilegato,,,,,,,,,,,
829,DCCCXVI,24,320,230,membraceo,rilegato,,,,,,,,,,,
830,DCCCXVII,82,310,220,cartaceo,rilegato,,,,,,,,,,,
831,DCCCXVIII,90,312,200,cartaceo,rilegato,,,,,,1,,,,,
832,DCCCXIX,90,280,200,membraceo,rilegato,,,,,,,,,,,
833,DCCCXX,127,278,210,cartaceo,rilegato,,,,,,1,,,,,
834,DCCCXXI,14,,,membraceo,rilegato,,,,,,,,,,,
835,DCCCXXII,86,282,204,cartaceo,rilegato,,,,,,,,,,,
836,DCCCXXIII,166,240,183,cartaceo,rilegato,,,,,,,,,,,
837,DCCCXXIV,91,241,172,cartaceo,rilegato,,,,,,,,,,,
838,DCCCXXV,170,238,180,cartaceo,rilegato,,,,,,,,,,,
839,DCCCXXVI,87,206,145,cartaceo,rilegato,,,,,,,,,,,
840,DCCCXXVII,117,230,160,membraceo,rilegato,,,,,,,,,,,
841,DCCCXXVIII,,320,225,cartaceo,rilegato,,,,,,,,,,,
842,DCCCXXIX,,,,cartaceo,raccolte di fogli,,,,,,,,,,,
843,DCCCXXX,,,,cartaceo,raccolte di fogli,,,,,,,,,,,
844,DCCCXXXI,,,,cartaceo,fascicoli,,,,,,,,,,,
845,DCCCXXXII,,,,cartaceo,raccolte di fogli,,,,,,,,,,,
846,DCCCXXXIII,,,,cartaceo,raccolte di fogli,,,,,,,,,,,
847,DCCCXXXIV,,,,cartaceo,raccolte di fogli,,,,,,,,,,,
848,DCCCXXXV,,,,cartaceo,raccolte di fogli,,,,,,,,,,,
849,DCCCXXXVI,,,,cartaceo,raccolte di fogli,,,,,,,,,,,
850,DCCCXXXVII,,,,cartaceo,raccolte di fogli,,,,,,,,,,,
851,DCCCXXXVIII,,,,cartaceo,raccolte di fogli,,,,,,,,,,,
852,DCCCXXXIX,,,,cartaceo,raccolte di fogli,,,,,,,,,,,
853,DCCCXL,,,,cartaceo,raccolte di fogli,,,,,,,,,,,
854,DCCCXLI,,,,cartaceo,raccolte di fogli,,,,,,,,,,,
855,DCCCXLII,,,,cartaceo,raccolte di fogli,,,,,,,,,,,
856,DCCCXLIII,,,,cartaceo,raccolte di fogli,,,,,,,,,,,
857,DCCCXLIV,,,,cartaceo,raccolte di fogli,,,,,,,,,,,
858,DCCCXLV,,,,cartaceo,raccolte di fogli,,,,,,,,,,,
859,DCCCXLVI,,,,cartaceo,raccolte di fogli,,,,,,,,,,,
860,DCCCXLVII,,,,cartaceo,raccolte di fogli,,,,,,,,,,,
861,DCCCXLVIII,,,,cartaceo,raccolte di fogli,,,,,,,,,,,
862,DCCCXLIX,,,,cartaceo,raccolte di fogli,,,,,,,,,,,
863,DCCCL,,,,cartaceo,fascicoli,,,,,,,,,,,
864,DCCCLI,,,,cartaceo,raccolte di fogli,,,,,,,,,,,
865,DCCCLII,,,,cartaceo,raccolte di fogli,,,,,,,,,,,
866,DCCCLIII,,,,cartaceo,raccolte di fogli,,,,,,,,,,,
867,DCCCLIV,,,,cartaceo,fascicoli,,,,,,,,,,,
868,DCCCLV,,,,cartaceo,raccolte di fogli,,,,,,,,,,,
869,DCCCLVI,,,,cartaceo,fascicoli,,,,,,,,,,,
870,DCCCLVII,,,,cartaceo,raccolte di fogli,,,,,,,,,,,
871,DCCCLVIII,,,,cartaceo,fascicoli,,,,,,,,,,,
872,DCCCLIX,251,287,197,cartaceo,rilegato,,,,,,,,,,,
873,DCCCLX,,,,cartaceo,rilegato,,,,,,,,,,Dionisi Gian Giacomo: postille etc. etc.,
874,DCCCLXI,,,,cartaceo,rilegato,,,,,,,,,,Dionisi Gian Giacomo: postille etc. etc.,
875,DCCCLXII,,,,cartaceo,rilegato,,,,,,,,,,Dionisi Gian Giacomo: postille etc. etc.,
876,DCCCLXIII,,,,cartaceo,rilegato,,,,,,,,,,Dionisi Gian Giacomo: postille etc. etc.,
877,DCCCLXIV,,,,cartaceo,rilegato,,,,,,,,,,Dionisi Gian Giacomo: postille etc. etc.,
878,DCCCLXV,,,,cartaceo,rilegato,,,,,,,,,,Dionisi Gian Giacomo: postille etc. etc.,
879,DCCCLXVI,,,,cartaceo,rilegato,,,,,,,,,,Dionisi Gian Giacomo: postille etc. etc.,
880,DCCCLXVII,,,,cartaceo,rilegato,,,,,,,,,,Dionisi Gian Giacomo: postille etc. etc.,
881,DCCCLXVIII,,,,cartaceo,rilegato,,,,,,,,,,Dionisi Gian Giacomo: postille etc. etc.,
882,DCCCLXIX,,,,cartaceo,rilegato,,,,,,,,,,Dionisi Gian Giacomo: postille etc. etc.,
883,DCCCLXX,,,,cartaceo,rilegato,,,,,,,,,,Dionisi Gian Giacomo: postille etc. etc.,
884,DCCCLXXI,,,,cartaceo,rilegato,,,,,,,,,,Dionisi Gian Giacomo: postille etc. etc.,
885,DCCCLXXII,,,,cartaceo,rilegato,,,,,,,,,,Dionisi Gian Giacomo: postille etc. etc.,
886,DCCCLXXIII,,,,cartaceo,rilegato,,,,,,,,,,Dionisi Gian Giacomo: postille etc. etc.,
887,DCCCLXXIV,,,,cartaceo,rilegato,,,,,,,,,,Dionisi Gian Giacomo: postille etc. etc.,
888,DCCCLXXV,,,,cartaceo,rilegato,,,,,,,,,,Dionisi Gian Giacomo: postille etc. etc.,
889,DCCCLXXVI,,,,cartaceo,rilegato,,,,,,,,,,Dionisi Gian Giacomo: postille etc. etc.,
890,DCCCLXXVII,,,,cartaceo,rilegato,,,,,,,,,,Dionisi Gian Giacomo: postille etc. etc.,
891,DCCCLXXVIII,,,,cartaceo,rilegato,,,,,,,,,,Dionisi Gian Giacomo: postille etc. etc.,
892,DCCCLXXIX,,,,cartaceo,rilegato,,,,,,,,,,Dionisi Gian Giacomo: postille etc. etc.,
893,DCCCLXXX,,,,cartaceo,rilegato,,,,,,,,,,Dionisi Gian Giacomo: postille etc. etc.,
894,DCCCLXXXI,,,,cartaceo,rilegato,,,,,,,,,,Dionisi Gian Giacomo: postille etc. etc.,
895,DCCCLXXXII,,,,cartaceo,rilegato,,,,,,,,,,Dionisi Gian Giacomo: postille etc. etc.,
896,DCCCLXXXIII,,,,cartaceo,rilegato,,,,,,,,,,Dionisi Gian Giacomo: postille etc. etc.,
897,DCCCLXXXIV,,,,cartaceo,rilegato,,,,,,,,,,Dionisi Gian Giacomo: postille etc. etc.,
898,DCCCLXXXV,,,,cartaceo,rilegato,,,,,,,,,,Dionisi Gian Giacomo: postille etc. etc.,
899,DCCCLXXXVI,,,,cartaceo,rilegato,,,,,,,,,,Dionisi Gian Giacomo: postille etc. etc.,
900,DCCCLXXXVII,,,,cartaceo,rilegato,,,,,,,,,,Dionisi Gian Giacomo: postille etc. etc.,
901,DCCCLXXXVIII,,,,cartaceo,rilegato,,,,,,,,,,Dionisi Gian Giacomo: postille etc. etc.,
902,DCCCLXXXVIII,,,,cartaceo,rilegato,,,,,,,,,,Dionisi Gian Giacomo: postille etc. etc.,
903,DCCCLXXXIX,,,,cartaceo,rilegato,,,,,,,,,,Dionisi Gian Giacomo: postille etc. etc.,
904,DCCCXC,,,,cartaceo,rilegato,,,,,,,,,,Dionisi Gian Giacomo: postille etc. etc.,
905,DCCCXCI,,,,cartaceo,rilegato,,,,,,,,,,Dionisi Gian Giacomo: postille etc. etc.,
906,DCCCXCII,,,,cartaceo,rilegato,,,,,,,,,,Dionisi Gian Giacomo: postille etc. etc.,
907,DCCCXCIII,,,,cartaceo,rilegato,,,,,,,,,,Dionisi Gian Giacomo: postille etc. etc.,
908,DCCCXCIV,,,,cartaceo,rilegato,,,,,,,,,,Dionisi Gian Giacomo: postille etc. etc.,
909,DCCCXCV,,,,cartaceo,rilegato,,,,,,,,,,Dionisi Gian Giacomo: postille etc. etc.,
910,DCCCXCVI,,,,cartaceo,rilegato,,,,,,,,,,Dionisi Gian Giacomo: postille etc. etc.,
911,DCCCXCVII,,,,cartaceo,rilegato,,,,,,,,,,Dionisi Gian Giacomo: postille etc. etc.,
912,DCCCXCVIII,,,,cartaceo,rilegato,,,,,,,,,,Dionisi Gian Giacomo: postille etc. etc.,
913,DCCCXCIX,,,,cartaceo,rilegato,,,,,,,,,,Dionisi Gian Giacomo: postille etc. etc.,
914,DCCCC,,,,cartaceo,rilegato,,,,,,,,,,Dionisi Gian Giacomo: postille etc. etc.,
915,DCCCCI,,,,cartaceo,rilegato,,,,,,,,,,Dionisi Gian Giacomo: postille etc. etc.,
916,DCCCCII,,,,cartaceo,rilegato,,,,,,,,,,Dionisi Gian Giacomo: postille etc. etc.,
917,DCCCCIII,,,,cartaceo,rilegato,,,,,,,,,,Dionisi Gian Giacomo: postille etc. etc.,
918,DCCCCIV,,,,cartaceo,rilegato,,,,,,,,,,Dionisi Gian Giacomo: postille etc. etc.,
919,DCCCCV,,,,cartaceo,rilegato,,,,,,,,,,Dionisi Gian Giacomo: postille etc. etc.,
920,DCCCCVI,,,,cartaceo,rilegato,,,,,,,,,,Dionisi Gian Giacomo: postille etc. etc.,
921,DCCCCVII,,,,cartaceo,rilegato,,,,,,,,,,Dionisi Gian Giacomo: postille etc. etc.,
922,DCCCCVIII,,,,cartaceo,rilegato,,,,,,,,,,Dionisi Gian Giacomo: postille etc. etc.,
923,DCCCCIX,,,,cartaceo,rilegato,,,,,,,,,,Dionisi Gian Giacomo: postille etc. etc.,
924,DCCCCX,,,,cartaceo,rilegato,,,,,,,,,,Dionisi Gian Giacomo: postille etc. etc.,
925,DCCCCXI,,,,cartaceo,rilegato,,,,,,,,,,"Torelli Giuseppe: postille, osservazioni...",
926,DCCCCXII,,,,cartaceo,rilegato,,,,,,,,,,"Torelli Giuseppe: postille, osservazioni...",
927,DCCCCXIII,,,,cartaceo,rilegato,,,,,,,,,,"Torelli Giuseppe: postille, osservazioni...",
928,DCCCCXIV,98,210,156,cartaceo,rilegato,,,,,,,,,,,
929,DCCCCXV,132,218,155,cartaceo,rilegato,,,,,,,,,,,
930,DCCCCXVI,144,218,155,cartaceo,rilegato,,,,,,,,,,,
931,DCCCCXVII,83,215,156,cartaceo,rilegato,,,,,,,,,,,
932,DCCCCXVIII,109,215,156,cartaceo,rilegato,,,,,,,,,,,
933,DCCCCXIX,153,211,158,cartaceo,rilegato,,,,,,,,,,,
934,DCCCCXX,118,204,150,cartaceo,rilegato,,,,,,,,,,,
935,DCCCCXXI,103,214,155,cartaceo,rilegato,,,,,,,,,,,
936,DCCCCXXII,34,213,153,cartaceo,rilegato,,,,,,,,,,,
937,DCCCCXXIII,205,218,136,cartaceo,rilegato,,,,,,,,,,,
938,DCCCCXXIV,204,218,136,cartaceo,rilegato,,,,,,,,,,,
939,DCCCCXXV,205,218,136,cartaceo,rilegato,,,,,,,,,,,
940,DCCCCXXVI,,,,cartaceo,raccolte di fogli,,,,,,,,,,,
941,DCCCCXXVI bis,,,,cartaceo,raccolte di fogli,,,,,,,,,,,
942,DCCCCXXVII,,,,cartaceo,raccolte di fogli,,,,,,,,,,,
943,DCCCCXXVII bis,,,,cartaceo,raccolte di fogli,,,,,,,,,,,
944,DCCCCXXVIII,,,,cartaceo,raccolte di fogli,,,,,,,,,,,
945,DCCCCXXXI,66,200,145,cartaceo,rilegato,,,,,,,,,,,
946,DCCCCXXXII,,,,cartaceo,fascicoli,,,,,,,,,,,
947,DCCCCXXXIII,,,,cartaceo,fascicoli,,,,,,,,,,,
948,DCCCCXXXIV,,,,cartaceo,fascicoli,,,,,,,,,,,
949,DCCCCXXXV,,,,cartaceo,fascicoli,,,,,,,,,,,
950,DCCCCXXXVI,,,,cartaceo,fascicoli,,,,,,,,,,,
951,DCCCCXXXVII,,,,cartaceo,fascicoli,,,,,,,,,,,
952,DCCCCXXXVIII,83,350,260,cartaceo,rilegato,,,,,,,,,,,
953,DCCCCXXXVIII,80,350,260,cartaceo,rilegato,,,,,,,,,,,incertezza fogli
954,DCCCCXXXIX,,,,cartaceo,raccolte di fogli,,,,,,,,,,,
955,DCCCCXL,,,,cartaceo,fascicoli,,,,,,,,,,,
956,DCCCCXLI,68,295,212,cartaceo,rilegato,,,,,,,,,,,
957,DCCCCXLII,73,277,200,cartaceo,rilegato,,,,,,,,,,,
958,DCCCCXLIII,,,,cartaceo,fascicoli,,,,,,,,,,,
959,DCCCCXLIV,,350,250,cartaceo,rilegato,,,,,,,,,,,
960,DCCCCXLV,,,,cartaceo,fascicoli,,,,,,,,,,,
961,DCCCCXLVI,,,,cartaceo,fascicoli,,,,,,,,,,,
962,DCCCCXLVII,,315,220,cartaceo,fascicoli,,,,,,,,,,,
963,DCCCCXLVIII,177,337,230,cartaceo,rilegato,,,,,,,,,,,
964,DCCCCXLIX,,,,cartaceo,fascicoli,,,,,,,,,,,
965,DCCCCL,,,,cartaceo,fascicoli,,,,,,,,,,,
966,DCCCCLI,,,,cartaceo,fascicoli,,,,,,,,,,,
967,DCCCCLII,,,,cartaceo,fascicoli,,,,,,,,,,,
968,DCCCCLIII,,,,cartaceo,fascicoli,,,,,,,,,,,
969,DCCCCLIV,,,,cartaceo,fascicoli,,,,,,,,,,,
970,DCCCCLV,,,,cartaceo,fascicoli,,,,,,,,,,,
971,DCCCCLVI,,,,cartaceo,fascicoli,,,,,,,,,,,
972,DCCCCLVII,,,,cartaceo,fascicoli,,,,,,,,,,,
973,DCCCCLVIII,,,,cartaceo,raccolte di fogli,,,,,,,,,,,
974,DCCCCLIX,,,,cartaceo,raccolte di fogli,,,,,,,,,,,
975,DCCCCLX,,,,cartaceo,raccolte di fogli,,,,,,,,,,,
976,DCCCCLXI,,,,cartaceo,rilegato,,,,,,,,,,,
977,DCCCCLXII,,247,131,cartaceo,rilegato,,,,,,,,,,,
978,DCCCCLXIII,,247,131,cartaceo,rilegato,,,,,,,,,,,
979,DCCCCLXIV,,,,cartaceo,raccolte di fogli,,,,,,,,,,,
980,DCCCCLXV,,,,cartaceo,raccolte di fogli,,,,,,,,,,,
981,DCCCCLXVI,,,,cartaceo,raccolte di fogli,,,,,,,,,,,
982,DCCCCLXVII,,,,cartaceo,raccolte di fogli,,,,,,,,,,,
983,DCCCCLXVIII,,,,cartaceo,raccolte di fogli,,,,,,,,,,,
984,DCCCCLXIX,,,,cartaceo,fascicoli,,,,,,,,,,,
985,DCCCCLXX,,,,cartaceo,raccolte di fogli,,,,,,,,,,,
986,DCCCCLXXI,,,,cartaceo,raccolte di fogli,,,,,,,,,,,
987,DCCCCLXXII,,,,cartaceo,raccolte di fogli,,,,,,,,,,,
988,DCCCCLXXIII,,,,cartaceo,raccolte di fogli,,,,,,,,,,,
989,DCCCCLXXIV,,,,cartaceo,raccolte di fogli,,,,,,,,,,,
990,DCCCCLXXV,,,,cartaceo,raccolte di fogli,,,,,,,,,,,
991,DCCCCLXXVI,,,,cartaceo,raccolte di fogli,,,,,,,,,,,
992,DCCCCLXXVII,,,,cartaceo,raccolte di fogli,,,,,,,,,,,
993,DCCCCLXXVIII,44,386,272,cartaceo,rilegato,,,,,,,,,,,
994,DCCCCLXXIX,379,386,272,cartaceo,rilegato,,,,,,,,,,,
995,DCCCCLXXX,,,,cartaceo,raccolte di fogli,,,,,,,,,,,
996,DCCCCLXXXI,,,,cartaceo,raccolte di fogli,,,,,,,,,,,
997,DCCCCLXXXII,,,,cartaceo,raccolte di fogli,,,,,,,,,,,
998,DCCCCLXXXIII,,,,cartaceo,raccolte di fogli,,,,,,,,,,,
999,DCCCCLXXXV,,,,cartaceo,fascicoli,,,,,,,,,,,
1000,DCCCCLXXXVI,,306,220,cartaceo,fascicoli,,,,,,,,,,,
1001,DCCCCLXXXVII,,,,cartaceo,raccolte di fogli,,,,,,,,,,,
1002,DCCCCLXXXVIII,,,,cartaceo,raccolte di fogli,,,,,,,,,,,
1003,DCCCCLXXXIX,,,,cartaceo,raccolte di fogli,,,,,,,,,,,
1004,DCCCCXC,,,,cartaceo,raccolte di fogli,,,,,,,,,,,
1005,DCCCCXCI,,,,cartaceo,raccolte di fogli,,,,,,,,,,,
1006,DCCCCXCII,,142,87,cartaceo,raccolte di fogli,,,,,,,,,,,
1007,DCCCCXCIII,,,,cartaceo,raccolte di fogli,,,,,,,,,,,
1008,DCCCCXCIV,,,,cartaceo,raccolte di fogli,,,,,,,,,,,
1009,DCCCCXCV,,,,cartaceo,rilegato,,,,,,,,,,,
1010,DCCCCXCVI,148,245,177,cartaceo,rilegato,,,,,,,,,,,
1011,DCCCCXCVII,134,255,185,cartaceo,rilegato,,,,,,,,,,,
1012,DCCCCXCVIII,175,255,185,cartaceo,rilegato,,,,,,,,,,,
1013,DCCCCXCIX,123,255,185,cartaceo,rilegato,,,,,,,,,,,
1014,M,111,255,185,cartaceo,rilegato,,,,,,,,,,,
1015,MI,156,240,178,cartaceo,rilegato,,,,,,,,,,,
1016,MII,109,227,182,cartaceo,rilegato,,,,,,,,,,,
1017,MIII,104,235,177,cartaceo,rilegato,,,,,,,,,,,
1018,MIV,48,266,194,cartaceo,rilegato,,,,,,,,,,,
1019,MV,,245,180,cartaceo,rilegato,,,,,,,,,,,
1020,MVI,,,,cartaceo,fascicoli,,,,,,,,,,,
1021,MVII,80,300,230,cartaceo,rilegato,,,,,,,,,,,
1022,MVIII,44,300,230,cartaceo,rilegato,,,,,,,,,,,
1023,MIX,,,,cartaceo,raccolte di fogli,,,,,,,,,,,
1024,MX,,,,cartaceo,raccolte di fogli,,,,,,,,,,,
1025,MXI,27,237,170,cartaceo,rilegato,,,,,,,,,,,
1026,MXII,85,170,116,cartaceo,rilegato,,,,,,,,,,,
1027,MXIII,20,120,188,cartaceo,rilegato,,,,,,,,,,De casibus reservatis in diocesi veronensi,
1028,MXIV,46,142,78,cartaceo,rilegato,,,,,,,,,,Gazali Don Isidoro:realissime crocifissioni della v.s. Chiara Isab. Fornari,
1029,MXV,215,290,195,cartaceo,rilegato,,,,,,,,,,,
1030,MXVI,142,290,115,cartaceo,rilegato,,,,,,,,,,,
1031,MXVII,57,290,115,cartaceo,rilegato,,,,,,,,,,Riflessioni critiche su G.B. Vico,
1032,MXVIII,103,290,195,cartaceo,rilegato,,,,,,,,,,,
1033,MXIX,115,290,195,cartaceo,rilegato,,,,,,,,,,,
1034,MXX,66,290,195,cartaceo,rilegato,,,,,,,,,,,
1035,MXXI,122,290,195,cartaceo,rilegato,,,,,,,,,,,
1036,MXXII,108,290,195,cartaceo,rilegato,,,,,,,,,,,
1037,MXXIII,59,290,295,cartaceo,rilegato,,,,,,,,,,,
1038,MXXIV,66,290,195,cartaceo,rilegato,,,,,,,,,,,
1039,MXXV,48,290,195,cartaceo,rilegato,,,,,,,,,,,
1040,MXXVI,55,290,195,cartaceo,rilegato,,,,,,,,,,,
1041,MXXVII,74,290,195,cartaceo,rilegato,,,,,,,,,,,
1042,MXXVIII,217,290,195,cartaceo,rilegato,,,,,,,,,,,
1043,MXXIX,157,280,185,cartaceo,rilegato,,,,,,,,,,,
1044,MXXX,,,,cartaceo,fascicoli,,,,,,,,,,,
1045,MXXXI,,,,cartaceo,fascicoli,,,,,,,,,,,
1046,MXXXII,,,,cartaceo,raccolte di fogli,,,,,,,,,,,
1047,MXXXIII,,,,cartaceo,raccolte di fogli,,,,,,,,,,,
1048,MXXXIV,,,,cartaceo,raccolte di fogli,,,,,,,,,,,
1049,MXXXV,,,,cartaceo,raccolte di fogli,,,,,,,,,,,
1050,MXXXVI,,,,cartaceo,raccolte di fogli,,,,,,,,,,,
1051,MXXXVII,,,,cartaceo,raccolte di fogli,,,,,,,,,,,
1052,MXXXVIII,,,,cartaceo,raccolte di fogli,,,,,,,,,,,
1053,MXXXVIII A,,,,cartaceo,fascicoli,,,,,,,,,,,
1054,MXXXIX,,,,cartaceo,fascicoli,,,,,,,,,,,
1055,MXL,200,275,200,cartaceo,rilegato,,,,,,,,,,,8 VOLUMI
1056,MXLI,,312,240,cartaceo,rilegato,,,,,,,,,,,
1057,MXLII,,312,240,cartaceo,rilegato,,,,,,,,,,,
1058,MXLIII,314,,,cartaceo,rilegato,,,,,,,,,,,GORSSI VOLUMI
1059,MXLIV,304,,,cartaceo,rilegato,,,,,,,,,,,
1060,MXLV,293,,,cartaceo,rilegato,,,,,,,,,,,
1061,MXLVI,200,258,185,cartaceo,rilegato,,,,,,,,,,,
1062,MXLVII,199,258,185,cartaceo,rilegato,,,,,,,,,,,
1063,MXLVIII,165,490,363,membraceo,rilegato,,,,,,,,,,Antiphonarium capituli veronensis,
1064,MXLIX,167,521,381,membraceo,rilegato,,,,,,,,,,Antiphonarium capituli veronensis,
1065,ML,243,510,350,membraceo,rilegato,,,,,,,,,,Antiphonarium capituli veronensis,
1066,MLI,233,517,364,membraceo,rilegato,,,,,,,,,,Antiphonarium capituli veronensis,
1067,MLII,198,570,380,membraceo,rilegato,,,,,,,,,,Antiphonarium capituli veronensis,
1068,MLIII,196,480,365,membraceo,rilegato,,,,,,,,,,Antiphonarium capituli veronensis,
1069,MLIV,222,510,372,membraceo,rilegato,,,,,,,,,,Antiphonarium capituli veronensis,
1070,MLV,239,518,374,membraceo,rilegato,,,,,,,,,,Antiphonarium capituli veronensis,
1071,MLVI,229,575,368,membraceo,rilegato,,,,,,,,,,Antiphonarium diurnum vol. 1,
1072,MLVII,232,551,385,membraceo,rilegato,,,,,,,,,,Antiphonarium diurnum vol. 2,
1073,MLVIII,199,562,360,membraceo,rilegato,,,,,,,,,,Antiphonarium diurnum vol. 3,
1074,MLIX,201,565,388,membraceo,rilegato,,,,,,,,,,Antiphonarium diurnum vol. 4,
1075,MLX,95,550,373,membraceo,rilegato,,,,,,,,,,Antiphonarium diurnum vol. 5,
1076,MLXI,88,560,392,membraceo,rilegato,,,,,,,,,,Antiphonarium diurnum vol. 6,
1077,MLXII,149,465,350,membraceo,rilegato,,,,,,,,,,,
1078,MLXIII,158,465,320,membraceo,rilegato,,,,,,,,,,,NUMERO FOGLI NON SICURO
1079,MLXIIII,150,380,290,membraceo,rilegato,,,,,,,,,,,ROMAN IDENTIFIER 
1080,MLXV,84,450,326,cartaceo,rilegato,,,,,,,,,,,
1081,MLXVI,50,385,270,membraceo,rilegato,,,,,,,,,,,
1082,MLXVII,120,445,314,cartaceo,rilegato,,,,,,,,,,,
1083,MLXVIII,48,440,322,membraceo,rilegato,,,,,,,,,,,
1084,MLXIX,45,275,194,cartaceo,rilegato,,,,,,,,,,,
1085,MLXX,78,470,350,cartaceo,rilegato,,,,,,,,,,,
1086,MLXX A,55,,,cartaceo,rilegato,,,,,,,,,,,
1087,MLXXI,57,500,330,cartaceo,rilegato,,,,,,,,,,,
1088,MLXXII,147,480,354,cartaceo,rilegato,,,,,,,,,,,
1089,MLXXIII,29,520,390,cartaceo,rilegato,,,,,,,,,,Bernardi Stefano: misse a 4 voci,
1090,MLXXIV,,,,cartaceo,rilegato,,,,,,,,,,,
1091,MLXXV,,553,398,cartaceo,rilegato,,,,,,,,,,Brugnoli Geremia: Messe a 5 voci,
1092,MLXXVI,38,545,410,cartaceo,rilegato,,,,,,,,,,Bellante dionisio: Dominica in palmis,
1093,MLXXVI A,63,425,300,cartaceo,rilegato,,,,,,,,,,,
1094,MLXXVI B,84,435,306,cartaceo,rilegato,,,,,,,,,,,
1095,MLXXVII,,,,cartaceo,raccolte di fogli,,,,,,,,,,,
1096,MLXXVIII,,,,cartaceo,fascicoli,,,,,,,,,,,
1097,MLXXIX,,,,cartaceo,raccolte di fogli,,,,,,,,,,,
1098,MLXXX,,,,cartaceo,fascicoli,,,,,,,,,,,
1099,MLXXXI,,,,cartaceo,fascicoli,,,,,,,,,,,
1100,MLXXXII,,,,cartaceo,fascicoli,,,,,,,,,,,
1101,MLXXXIII,,,,cartaceo,fascicoli,,,,,,,,,,,
1102,MLXXXIV,,,,cartaceo,fascicoli,,,,,,,,,,,
1103,MLXXXV,,,,cartaceo,fascicoli,,,,,,,,,,,
1104,MLXXXVI,,,,cartaceo,fascicoli,,,,,,,,,,,
1105,MLXXXVII,,,,cartaceo,fascicoli,,,,,,,,,,,
1106,MLXXXVIII,,,,cartaceo,fascicoli,,,,,,,,,,,
1107,MLXXXIX,,,,cartaceo,fascicoli,,,,,,,,,,,
1108,MXC,,,,cartaceo,fascicoli,,,,,,,,,,,
1109,MXCI,,,,cartaceo,fascicoli,,,,,,,,,,,
1110,MXCII,,,,cartaceo,fascicoli,,,,,,,,,,,
1111,MXCIII,,,,cartaceo,fascicoli,,,,,,,,,,,
1112,MXCIV,,,,cartaceo,fascicoli,,,,,,,,,,,
1113,MXCV,,,,cartaceo,fascicoli,,,,,,,,,,,
1114,MXCVI,,,,cartaceo,fascicoli,,,,,,,,,,,
1115,MXCVII,,,,cartaceo,fascicoli,,,,,,,,,,,
1116,MXCVIII,,,,cartaceo,fascicoli,,,,,,,,,,,
1117,MXCIX,,,,cartaceo,fascicoli,,,,,,,,,,,
1118,MC,,,,cartaceo,fascicoli,,,,,,,,,,,
1119,MCI,,,,cartaceo,fascicoli,,,,,,,,,,,
1120,MCII,,,,cartaceo,fascicoli,,,,,,,,,,,
1121,MCIII,,,,cartaceo,fascicoli,,,,,,,,,,,
1122,MCIV,,,,cartaceo,fascicoli,,,,,,,,,,,
1123,MCV,,,,cartaceo,fascicoli,,,,,,,,,,,
1124,MCVI,110,146,116,membraceo,rilegato,,,,,,,,,,,sigilli in cera lacca
1125,MCVII,104,145,118,membraceo,rilegato,,,,,,,,,,,
1126,MCVIII,,,,membraceo,raccolte di fogli,,,,,,,,,,,
1127,MCIX,71,213,135,membraceo,rilegato,,,,,,,,,,,
1128,MCX,11,165,116,membraceo,rilegato,,,,,,,,,,,
1129,MCXI,233,215,153,cartaceo,rilegato,,,,,,,,,,,
1130,MCXII,,,,cartaceo,fascicoli,,,,,,,,,,,
1131,MCXIII,,,,cartaceo,fascicoli,,,,,,,,,,,
1132,MCXIV,22,415,220,cartaceo,rilegato,,,,,,,,,,,
1133,MCXV,,,,cartaceo,fascicoli,,,,,,,,,,,SUPP
1134,MCXVI,64,,,cartaceo,fascicoli,,,,,,,,,,,
1135,MCXVII,25,,,cartaceo,raccolte di fogli,,,,,,,,,,,
1136,MCXVIII,20,,,cartaceo,fascicoli,,,,,,,,,,,
1137,MCXIX,61,,,cartaceo,raccolte di fogli,,,,,,,,,,,
1138,MCXX,12,280,215,cartaceo,fascicoli,,,,,,,,,,,
1139,MCXXI,60,,,cartaceo,fascicoli,,,,,,,,,,,
1140,MCXXII,48,,,cartaceo,fascicoli,,,,,,,,,,,
1141,MCXXIII,36,,,cartaceo,fascicoli,,,,,,,,,,,
1142,MCXXIV,32,,,cartaceo,fascicoli,,,,,,,,,,,
1143,MCXXV,31,,,cartaceo,fascicoli,,,,,,,,,,,
1144,MCXXVI,54,,,cartaceo,fascicoli,,,,,,,,,,,
1145,MCXXVII,32,,,cartaceo,fascicoli,,,,,,,,,,,
1146,MCXXVIII,104,,,cartaceo,fascicoli,,,,,,,,,,,
1147,MCXXIX,202,225,315,cartaceo,rilegato,,,,,,,,,,,
1148,MCXXIX A,32,247,335,cartaceo,rilegato,,,,,,,,,,,
1149,MCXXIX B,46,315,230,cartaceo,rilegato,,,,,,,,,,,
1150,MCXXIX C,32,216,309,cartaceo,rilegato,,,,,,,,,,,
1151,MCXXIX D,4,,,cartaceo,rilegato,,,,,,,,,,,MANCAO
1152,MCXXX,,,,cartaceo,rilegato,,,,,,,,,,,
1153,MCXXXI,130,256,150,membraceo,rilegato,,,,,,,,,,,
1154,MCXXXII,269,208,136,membraceo,rilegato,,,,,,,,,,,
1155,MCXXXIII,185,140,120,membraceo,rilegato,,,,,,,,,,,
1156,MCXXXIV,,155,140,cartaceo,rilegato,,,,,,,,,,,
1157,MCXXXV,768,275,260,cartaceo,rilegato,,,,,,,,,,,
1158,MCXXXVI,,,,cartaceo,raccolte di fogli,,,,,,,,,,,
1159,MCXXXVII,,,,cartaceo,rilegato,,,,,,,,,,,
1160,MCXXXVIII,,,,cartaceo,rilegato,,,,,,,,,,,
1161,MCXXXIX,,,,cartaceo,rilegato,,,,,,,,,,,
1162,MCXL,,,,cartaceo,rilegato,,,,,,,,,,,
1163,MCXLI,,,,cartaceo,rilegato,,,,,,,,,,,
1164,MCXLII,,,,cartaceo,raccolte di fogli,,,,,,,,,,,
1165,MCXLIII,,,,cartaceo,raccolte di fogli,,,,,,,,,,,
1166,MCXLIV,,,,cartaceo,raccolte di fogli,,,,,,,,,,,
1167,MCXLV,,,,cartaceo,raccolte di fogli,,,,,,,,,,,
1168,MCXLVI,,,,cartaceo,raccolte di fogli,,,,,,,,,,,
1169,MCXLVII,,,,cartaceo,rilegato,,,,,,,,,,,
1170,MCXLVIII,,,,cartaceo,rilegato,,,,,,,,,,,
1171,MCXLIX,,,,cartaceo,rilegato,,,,,,,,,,,
1172,MCL,42,186,253,cartaceo,rilegato,,,,,,,,,,,
1173,MCLI,329,183,135,cartaceo,rilegato,,,,,,,,,,,
1174,MCLII,,238,177,cartaceo,rilegato,,,,,,,,,,,
1175,MCLIII,137,,,cartaceo,rilegato,,,,,,,,,,,
1176,MCLIV,155,245,177,cartaceo,rilegato,,,,,,,,,,,
1177,MCLV,114,256,185,cartaceo,rilegato,,,,,,,,,,,
1178,MCLVI,10,253,185,cartaceo,rilegato,,,,,,,,,,,
1179,MCLVII,179,250,185,cartaceo,rilegato,,,,,,,,,,,
1180,MCLVIII,201,250,187,cartaceo,rilegato,,,,,,,,,,,
1181,MCLIX,123,216,158,cartaceo,rilegato,,,,,,,,,,,
1182,MCLX,,235,175,cartaceo,rilegato,,,,,,,,,,,
1183,MCLXI,93,,,cartaceo,rilegato,,,,,,,,,,,
1184,MCLXII,65,,,cartaceo,rilegato,,,,,,,,,,,INDICE NON CONTATO
1185,MCLXIII,82,,,cartaceo,rilegato,,,,,,,,,,,INDICE NON CONTATO
1186,MCLXIV,73,,,cartaceo,rilegato,,,,,,,,,,,INDICE NON CONTATO
1187,MCLXV,39,285,215,cartaceo,rilegato,,,,,,,,,,,
1188,MCLXVI,100,256,175,cartaceo,rilegato,,,,,,,,,,,
1189,MCLXVII,37,244,95,cartaceo,rilegato,,,,,,,,,,,
1190,MCLXVIII,,217,152,cartaceo,rilegato,,,,,,,,,,,
1191,MCLXIX,,215,146,cartaceo,rilegato,,,,,,,,,,,
1192,MCLXX,28,282,195,cartaceo,rilegato,,,,,,,,,,,
1193,MCLXXI,,248,182,cartaceo,rilegato,,,,,,,,,,,
1194,MCLXXII,,,,cartaceo,raccolte di fogli,,,,,,,,,,,
1195,MCLXXIII,116,250,182,cartaceo,rilegato,,,,,,,,,,,
1196,MCLXXIV,51,,,cartaceo,rilegato,,,,,,,,,,,
1197,MCLXXV,37,,,cartaceo,rilegato,,,,,,,,,,,
1198,MCLXXVI,,,,cartaceo,rilegato,,,,,,,,,,,
1199,MCLXXVII,53,170,120,cartaceo,rilegato,,,,,,,,,,,
1200,MCLXXVIII,105,144,96,cartaceo,rilegato,,,,,,,,,,,
1201,MCLXXIX,280,150,104,cartaceo,rilegato,,,,,,,,,,,
1202,MCLXXX,61,,,cartaceo,rilegato,,,,,,,,,,,
1203,MCLXXXI,29,245,177,cartaceo,rilegato,,,,,,,,,,,
1204,MCLXXXII,34,200,150,cartaceo,rilegato,,,,,,,,,,,
1205,MCLXXXIII,44,186,144,cartaceo,rilegato,,,,,,,,,,,
1206,MCLXXXIV,,,,cartaceo,raccolte di fogli,,,,,,,,,,,
1207,MCLXXXV,,245,185,cartaceo,rilegato,,,,,,,,,,,
1208,MCLXXXVI,,310,208,cartaceo,rilegato,,,,,,,,,,,
1209,MCLXXXVII,,,,cartaceo,rilegato,,,,,,,,,,,
1210,MCLXXXVIII,,,,cartaceo,rilegato,,,,,,,,,,,
1211,MCLXXXIX,119,232,178,cartaceo,rilegato,,,,,,,,,,,
1212,MCXC,,,,cartaceo,rilegato,,,,,,,,,,,
1213,MCXCI,94,312,210,cartaceo,rilegato,,,,,,,,,,,
1214,MCXCII,29,310,223,cartaceo,rilegato,,,,,,,,,,,
1215,MCXCIII,19,228,155,cartaceo,rilegato,,,,,,,,,,,
1216,MCXCIV,130,215,170,cartaceo,rilegato,,,,,,,,,,,
1217,MCXCV,18,240,176,cartaceo,rilegato,,,,,,,,,,,
1218,MCXCVI,25,,,cartaceo,rilegato,,,,,,,,,,,
1219,MCXCVII,11,200,155,cartaceo,rilegato,,,,,,,,,,,
1220,MCXCVIII,147,177,150,cartaceo,rilegato,,,,,,,,,,,
1221,MCXCIX,,,,cartaceo,rilegato,,,,,,,,,,,
1222,MCC,3,215,158,membraceo,rilegato,,,,,,,,,,,
1223,MCCI,,,,cartaceo,rilegato,,,,,,,,,,,
1224,MCCII,,,,cartaceo,rilegato,,,,,,,,,,,
1225,MCCIII,,255,183,cartaceo,rilegato,,,,,,,,,,,
1226,MCCIV,,306,208,cartaceo,rilegato,,,,,,,,,,,
1227,MCCV,84,247,190,cartaceo,rilegato,,,,,,,,,,,
1228,MCCVI,113,219,147,cartaceo,rilegato,,,,,,,,,,,
1229,MCCVII,76,314,222,cartaceo,rilegato,,,,,,,,,,,
1230,MCCVIII,97,285,203,cartaceo,rilegato,,,,,,,,,,,
1231,MCCIX,,259,162,cartaceo,rilegato,,,,,,,,,,,
1232,MCCX,,203,148,cartaceo,rilegato,,,,,,,,,,,
1233,MCCXI,359,207,147,cartaceo,rilegato,,,,,,,,,,,
1234,MCCXII,,188,137,cartaceo,rilegato,,,,,,,,,,,
1235,MCCXIII,,194,135,cartaceo,rilegato,,,,,,,,,,,
1236,MCCXIV,,,,cartaceo,rilegato,,,,,,,,,,,
1237,MCCXV,208,200,148,cartaceo,rilegato,,,,,,,,,,,INDICE NON CONTATO
1238,MCCXVI,60,185,130,cartaceo,rilegato,,,,,,,,,,,INDICE NON CONTATO
1239,MCCXVII,,200,135,cartaceo,rilegato,,,,,,,,,,,
1240,MCCXVIII,331,171,115,cartaceo,rilegato,,,,,,,,,,,
1241,MCCXIX,43,185,135,cartaceo,rilegato,,,,,,,,,,,
1242,MCCXX,7,147,85,cartaceo,rilegato,,,,,,,,,,,
1243,MCCXXI,,155,105,cartaceo,rilegato,,,,,,,,,,,
1244,MCCXXII,28,212,141,cartaceo,rilegato,,,,,,,,,,,
1245,MCCXXIII,313,212,148,cartaceo,rilegato,,,,,,,,,,,
1246,MCCXXIII A,152,212,148,cartaceo,rilegato,,,,,,,,,,,
1247,MCCXXIV,,210,150,cartaceo,rilegato,,,,,,,,,,,
1248,MCCXXV,256,215,148,cartaceo,rilegato,,,,,,,,,,,INDICE NON CONTATO
1249,MCCXXVI,,215,148,cartaceo,rilegato,,,,,,,,,,,
1250,MCCXXVII,171,214,153,cartaceo,rilegato,,,,,,,,,,,
1251,MCCXXVIII,160,225,158,cartaceo,rilegato,,,,,,,,,,,
1252,MCCXXIX,,,,,,,,,,,,,,,,
1253,MCCXXX,,,,,,,,,,,,,,,,
1254,MCCXXXI,,136,90,cartaceo,rilegato,,,,,,,,,,,
1255,MCCXXXII,,141,104,cartaceo,rilegato,,,,,,,,,,,
1256,MCCXXXIII,,131,96,cartaceo,rilegato,,,,,,,,,,,
1257,MCCXXXIV,,,,cartaceo,rilegato,,,,,,,,,,,
1258,MCCXXXIV A,,,,cartaceo,rilegato,,,,,,,,,,,
1259,MCCXXXV,32,160,96,cartaceo,rilegato,,,,,,,,,,,
1260,MCCXXXV A,6,189,133,cartaceo,rilegato,,,,,,,,,,,
1261,MCCXXXVI,62,176,137,cartaceo,rilegato,,,,,,,,,,,
1262,MCCXXXVII,,130,88,cartaceo,rilegato,,,,,,,,,,,
1263,MCCXXXVIII,166,207,164,cartaceo,rilegato,,,,,,,,,,,
1264,MCCXXXIX,,,,,,,,,,,,,,,,
1265,MCCXL,,,,,,,,,,,,,,,,
1266,MCCXLI,,,,,,,,,,,,,,,,
1267,MCCXLII,,,,,,,,,,,,,,,,
1268,MCCXLIII,233,217,155,cartaceo,rilegato,,,,,,,,,,,PAGINE NON SICURE
1269,MCCXLIV,102,173,122,cartaceo,rilegato,,,,,,,,,,,
1270,MCCXLV,230,282,217,cartaceo,rilegato,,,,,,,,,,,
1271,MCCXLVI,56,237,190,cartaceo,rilegato,,,,,,,,,,,
1272,MCCXLVII,19,266,193,cartaceo,rilegato,,,,,,,,,,,
1273,MCCXLVIII,,,,cartaceo,rilegato,,,,,,,,,,,
1274,MCCXLIX,,255,185,cartaceo,rilegato,,,,,,,,,,,
1275,MCCL,241,230,185,cartaceo,rilegato,,,,,,,,,,,
1276,MCCLI,,,,cartaceo,rilegato,,,,,,,,,,,
1277,MCCLII,,290,192,cartaceo,rilegato,,,,,,,,,,,
1278,MCCLIII,,,,,,,,,,,,,,,,
1279,MCCLIV,,,,,,,,,,,,,,,,
1280,MCCLV,,,,,,,,,,,,,,,,
1281,MCCLV A E B,,,,cartaceo,,,,,,,,,,,,
1282,MCCLVI A E B,,,,cartaceo,rilegato,,,,,,,,,,,
1283,MCCLVII A E B,,,,cartaceo,,,,,,,,,,,,
1284,MCCLVIII A E B,,,,cartaceo,,,,,,,,,,,,
1285,MCCLIX,,,,cartaceo,,,,,,,,,,,,
1286,MCCLX,,,,cartaceo,rilegato,,,,,,,,,,,
1287,MCCLXI,,,,cartaceo,rilegato,,,,,,,,,,,
1288,MCCLXII,,,,,rilegato,,,,,,,,,,,
1289,MCCLXIII,,,,,rilegato,,,,,,,,,,,
1290,MCCLXIV,,,,,rilegato,,,,,,,,,,,
1291,MCCLXV,,,,,rilegato,,,,,,,,,,,
1292,MCCLXVI,,,,,rilegato,,,,,,,,,,,
1293,MCCLXVII,,,,,rilegato,,,,,,,,,,,
1294,MCCLXVIII,106,,,membraceo,rilegato,,,,,,,,,,,
1295,MCCLXIX,130,,,cartaceo,rilegato,,,,,,,,,,,
1296,MCCLXX,88,,,membraceo,rilegato,,,,,,,,,,,
1297,MCCLXXI,175,,,cartaceo,rilegato,,,,,,,,,,,
1298,MCCLXXII,,,,cartaceo,rilegato,,,,,,,,,,,
1299,MCCLXXIII,,,,cartaceo,raccolte di fogli,,,,,,,,,,,
1300,MCCLXXIV,227,,,cartaceo,rilegato,,,,,,,,,,,
1301,MCCLXXV,415,,,cartaceo,rilegato,,,,,,,,,,,
1302,MCCLXXVI,429,,,cartaceo,rilegato,,,,,,,,,,,
1303,MCCLXXVII,,,,,,,,,,,,,,,,
1304,MCCLXXVIII,,,,,,,,,,,,,,,,
1305,MCCLXXIX,,,,,,,,,,,,,,,,
1306,MCCLXXX,,,,,,,,,,,,,,,,
1307,MCCLXXXI,360,,,cartaceo,rilegato,,,,,,,,,,,
1308,MCCLXXXII,,,,,,,,,,,,,,,,
1309,MCCLXXXIII,,,,cartaceo,rilegato,,,,,,,,,,,