Company,Model,Lens,NA,Zoom_x,Core_Technology,Configuration,type_of_interaction,Acquisition_mode,STR_nm,Accuracy_microns,Accuracy_percentage,Vertical_Resolution_nm,Sq_repeatability_nm,Repeatability _nm,Ra_repeatability_nm,Rz_repeatability_nm,Angular_Coverage_Perfectdiffuser_deg,Angular_Coverage_MirrorLike_deg,LATA_microns,Optical_Resolution_microns,Spatial_Sampling_microns,img_width,img_height,area_mm2,Line_Lenght_mm,XYspeed_mm/sec,Working_disitance_mm,Z_Speed_Sca_micron/sec,Z_stage,Z_working_range_mm,XY_Stage,Weight_Kg,Max_sample_weight_Kg,Frequency_KHz,Max_number_of_points_per_scan_,Sample_reflectivity_percentage,Measurement_time_s,COST,High_res_color_texture,Max. sample stage positioning range ,Intorduction date,Reference document
nanovea,jr25,Modular Optical pen,,,Non Contact Chromatic Confocal ,Portable,white light,Array,,0.02,,,,,,,,,1.1,,,,,625,,20,3.3,,Manual,30,,,,,,,,,,,,https://nanovea.com/forms/?req=Profilometer+Brochure
nanovea,jr25,Modular Optical pen,,,Non Contact Chromatic Confocal ,Portable,white light,Array,,0.06,,,,,,,,,1.1,,,,,625,,20,11,,Manual,30,,,,,,,,,,,,
nanovea,jr25,Modular Optical pen,,,Non Contact Chromatic Confocal ,Portable,white light,Array,,0.2,,,,,,,,,1.55,,,,,625,,20,12.7,,Manual,30,,,,,,,,,,,,
nanovea,jr25,Modular Optical pen,,,Non Contact Chromatic Confocal ,Portable,white light,Array,,0.4,,,,,,,,,2.6,,,,,625,,20,16.4,,Manual,30,,,,,,,,,,,,
nanovea,jr25,Modular Optical pen,,,Non Contact Chromatic Confocal ,Portable,white light,Array,,0.9,,,,,,,,,2.6,,,,,625,,20,29,,Manual,30,,,,,,,,,,,,
nanovea,jr25,Modular Optical pen,,,Non Contact Chromatic Confocal ,Portable,white light,Array,,3,,,,,,,,,8,,,,,625,,20,19.6,,Manual,30,,,,,,,,,,,,
nanovea,PS50,Modular Optical pen,,,Non Contact Chromatic Confocal ,Benchtop,white light,Array,,0.02,,,,,,,,,1.1,,,,,2500,,20,3.3,,Manual,30,,,8,,,,,,,,,
nanovea,PS50,Modular Optical pen,,,Non Contact Chromatic Confocal ,Benchtop,white light,Array,,0.06,,,,,,,,,1.1,,,,,2500,,20,11,,Manual,30,,,8,,,,,,,,,
nanovea,PS50,Modular Optical pen,,,Non Contact Chromatic Confocal ,Benchtop,white light,Array,,0.2,,,,,,,,,1.55,,,,,2500,,20,12.7,,Manual,30,,,8,,,,,,,,,
nanovea,PS50,Modular Optical pen,,,Non Contact Chromatic Confocal ,Benchtop,white light,Array,,0.4,,,,,,,,,2.6,,,,,2500,,20,16.4,,Manual,30,,,8,,,,,,,,,
nanovea,PS50,Modular Optical pen,,,Non Contact Chromatic Confocal ,Benchtop,white light,Array,,0.9,,,,,,,,,2.6,,,,,2500,,20,29,,Manual,30,,,8,,,,,,,,,
nanovea,PS50,Modular Optical pen,,,Non Contact Chromatic Confocal ,Benchtop,white light,Array,,3,,,,,,,,,8,,,,,2500,,20,19.6,,Manual,30,,,8,,,,,,,,,
nanovea,ST400,Modular Optical pen,,,Non Contact Chromatic Confocal ,Benchtop/Workstation,white light,Array,,0.02,,,,,,,,,1.1,,,,,22500,,20,3.3,,Motorized,50,,,8,,,,,,,,,
nanovea,ST400,Modular Optical pen,,,Non Contact Chromatic Confocal ,Benchtop/Workstation,white light,Array,,0.06,,,,,,,,,1.1,,,,,22500,,20,11,,Motorized,50,,,8,,,,,,,,,
nanovea,ST400,Modular Optical pen,,,Non Contact Chromatic Confocal ,Benchtop/Workstation,white light,Array,,0.2,,,,,,,,,1.55,,,,,22500,,20,12.7,,Motorized,50,,,8,,,,,,,,,
nanovea,ST400,Modular Optical pen,,,Non Contact Chromatic Confocal ,Benchtop/Workstation,white light,Array,,0.4,,,,,,,,,2.6,,,,,22500,,20,16.4,,Motorized,50,,,8,,,,,,,,,
nanovea,ST400,Modular Optical pen,,,Non Contact Chromatic Confocal ,Benchtop/Workstation,white light,Array,,0.9,,,,,,,,,2.6,,,,,22500,,20,29,,Motorized,50,,,8,,,,,,,,,
nanovea,ST400,Modular Optical pen,,,Non Contact Chromatic Confocal ,Benchtop/Workstation,white light,Array,,3,,,,,,,,,8,,,,,22500,,20,19.6,,Motorized,50,,,8,,,,,,,,,
nanovea,ST400,Classical Optical Pen,,,Non Contact Chromatic Confocal ,Benchtop/Workstation,white light,Array,,0.01,,,,,,,,,1.5,,,,,22500,,20,0.02,,Motorized,50,,,8,,,,,,,,,
nanovea,ST400,Classical Optical Pen,,,Non Contact Chromatic Confocal ,Benchtop/Workstation,white light,Array,,0.09,,,,,,,,,3.7,,,,,22500,,20,0.3,,Motorized,50,,,8,,,,,,,,,
nanovea,ST400,Classical Optical Pen,,,Non Contact Chromatic Confocal ,Benchtop/Workstation,white light,Array,,0.06,,,,,,,,,3.5,,,,,22500,,20,0.35,,Motorized,50,,,8,,,,,,,,,
nanovea,ST400,Classical Optical Pen,,,Non Contact Chromatic Confocal ,Benchtop/Workstation,white light,Array,,0.6,,,,,,,,,6.25,,,,,22500,,20,6,,Motorized,50,,,8,,,,,,,,,
nanovea,ST400,Classical Optical Pen,,,Non Contact Chromatic Confocal ,Benchtop/Workstation,white light,Array,,0.9,,,,,,,,,25.5,,,,,22500,,20,10,,Motorized,50,,,8,,,,,,,,,
nanovea,ST400,Classical Optical Pen,,,Non Contact Chromatic Confocal ,Benchtop/Workstation,white light,Array,,0.3,,,,,,,,,22.5,,,,,22500,,20,24,,Motorized,50,,,8,,,,,,,,,
nanovea,ST500,Modular Optical pen,,,Non Contact Chromatic Confocal ,Benchtop/Workstation,white light,Array,,0.02,,,,,,,,,1.1,,,,,160000,,200,3.3,,Motorized,50,,,4,,,,,,,,,
nanovea,ST500,Modular Optical pen,,,Non Contact Chromatic Confocal ,Benchtop/Workstation,white light,Array,,0.06,,,,,,,,,1.1,,,,,160000,,200,11,,Motorized,50,,,4,,,,,,,,,
nanovea,ST500,Modular Optical pen,,,Non Contact Chromatic Confocal ,Benchtop/Workstation,white light,Array,,0.2,,,,,,,,,1.55,,,,,160000,,200,12.7,,Motorized,50,,,4,,,,,,,,,
nanovea,ST500,Modular Optical pen,,,Non Contact Chromatic Confocal ,Benchtop/Workstation,white light,Array,,0.4,,,,,,,,,2.6,,,,,160000,,200,16.4,,Motorized,50,,,4,,,,,,,,,
nanovea,ST500,Modular Optical pen,,,Non Contact Chromatic Confocal ,Benchtop/Workstation,white light,Array,,0.9,,,,,,,,,2.6,,,,,160000,,200,29,,Motorized,50,,,4,,,,,,,,,
nanovea,ST500,Modular Optical pen,,,Non Contact Chromatic Confocal ,Benchtop/Workstation,white light,Array,,3,,,,,,,,,8,,,,,160000,,200,19.6,,Motorized,50,,,4,,,,,,,,,
nanovea,ST500,Classical Optical Pen,,,Non Contact Chromatic Confocal ,Benchtop/Workstation,white light,Array,,0.01,,,,,,,,,1.5,,,,,160000,,200,0.02,,Motorized,50,,,4,,,,,,,,,
nanovea,ST500,Classical Optical Pen,,,Non Contact Chromatic Confocal ,Benchtop/Workstation,white light,Array,,0.09,,,,,,,,,3.7,,,,,160000,,200,0.3,,Motorized,50,,,4,,,,,,,,,
nanovea,ST500,Classical Optical Pen,,,Non Contact Chromatic Confocal ,Benchtop/Workstation,white light,Array,,0.06,,,,,,,,,3.5,,,,,160000,,200,0.35,,Motorized,50,,,4,,,,,,,,,
nanovea,ST500,Classical Optical Pen,,,Non Contact Chromatic Confocal ,Benchtop/Workstation,white light,Array,,0.6,,,,,,,,,6.25,,,,,160000,,200,6,,Motorized,50,,,4,,,,,,,,,
nanovea,ST500,Classical Optical Pen,,,Non Contact Chromatic Confocal ,Benchtop/Workstation,white light,Array,,0.9,,,,,,,,,25.5,,,,,160000,,200,10,,Motorized,50,,,4,,,,,,,,,
nanovea,ST500,Classical Optical Pen,,,Non Contact Chromatic Confocal ,Benchtop/Workstation,white light,Array,,0.3,,,,,,,,,22.5,,,,,160000,,200,24,,Motorized,50,,,4,,,,,,,,,
nanovea,H22000,Modular Optical pen,,,Non Contact Chromatic Confocal ,Workstation,white light,Array,,0.02,,,,,,,,,1.1,,,,,200000,,500,3.3,,Motorized,100,,,7,,,,,,,,,
nanovea,H22000,Modular Optical pen,,,Non Contact Chromatic Confocal ,Workstation,white light,Array,,0.06,,,,,,,,,1.1,,,,,200000,,500,11,,Motorized,100,,,7,,,,,,,,,
nanovea,H22000,Modular Optical pen,,,Non Contact Chromatic Confocal ,Workstation,white light,Array,,0.2,,,,,,,,,1.55,,,,,200000,,500,12.7,,Motorized,100,,,7,,,,,,,,,
nanovea,H22000,Modular Optical pen,,,Non Contact Chromatic Confocal ,Workstation,white light,Array,,0.4,,,,,,,,,2.6,,,,,200000,,500,16.4,,Motorized,100,,,7,,,,,,,,,
nanovea,H22000,Modular Optical pen,,,Non Contact Chromatic Confocal ,Workstation,white light,Array,,0.9,,,,,,,,,2.6,,,,,200000,,500,29,,Motorized,100,,,7,,,,,,,,,
nanovea,H22000,Modular Optical pen,,,Non Contact Chromatic Confocal ,Workstation,white light,Array,,3,,,,,,,,,8,,,,,200000,,500,19.6,,Motorized,100,,,7,,,,,,,,,
nanovea,H22000,Classical Optical Pen,,,Non Contact Chromatic Confocal ,Workstation,white light,Array,,0.01,,,,,,,,,1.5,,,,,200000,,500,0.02,,Motorized,100,,,7,,,,,,,,,
nanovea,H22000,Classical Optical Pen,,,Non Contact Chromatic Confocal ,Workstation,white light,Array,,0.09,,,,,,,,,3.7,,,,,200000,,500,0.3,,Motorized,100,,,7,,,,,,,,,
nanovea,H22000,Classical Optical Pen,,,Non Contact Chromatic Confocal ,Workstation,white light,Array,,0.06,,,,,,,,,3.5,,,,,200000,,500,0.35,,Motorized,100,,,7,,,,,,,,,
nanovea,H22000,Classical Optical Pen,,,Non Contact Chromatic Confocal ,Workstation,white light,Array,,0.6,,,,,,,,,6.25,,,,,200000,,500,6,,Motorized,100,,,7,,,,,,,,,
nanovea,H22000,Classical Optical Pen,,,Non Contact Chromatic Confocal ,Workstation,white light,Array,,0.9,,,,,,,,,25.5,,,,,200000,,500,10,,Motorized,100,,,7,,,,,,,,,
nanovea,H22000,Classical Optical Pen,,,Non Contact Chromatic Confocal ,Workstation,white light,Array,,0.3,,,,,,,,,22.5,,,,,200000,,500,10,,Motorized,100,,,7,,,,,,,,,
zygo,ZeGage Plus,STD 1.4x,0.04,0.5,CSI,Benchtop,white light,Array,0.15,0.3,3,,0.01,,,,,1.85,,7.14,11.81,,,12.09,,,4,35,Automated,20,Manual or atuomated,54,,,,0.05-100,,,,,,
zygo,ZeGage Plus,STD 1.4x,0.04,1,CSI,Benchtop,white light,Array,0.15,0.3,3,,0.01,,,,,1.85,,7.14,5.86,,,6,,,4,35,Automated,20,Manual or atuomated,54,,,,0.05-100,,,,,,
zygo,ZeGage Plus,STD 1.4x,0.04,2,CSI,Benchtop,white light,Array,0.15,0.3,3,,0.01,,,,,1.85,,7.14,2.96,,,3.02,,,4,35,Automated,20,Manual or atuomated,54,,,,0.05-100,,,,,,
zygo,ZeGage Plus,STD 2.75x,0.08,0.5,CSI,Benchtop,white light,Array,0.15,0.3,3,,0.01,,,,,3.71,,3.56,5.91,,,6.05,,,4.5,,Automated,20,Manual or atuomated,54,,,,0.05-100,,,,,,
zygo,ZeGage Plus,STD 2.75x,0.08,1,CSI,Benchtop,white light,Array,0.15,0.3,3,,0.01,,,,,3.71,,3.56,2.93,,,3,,,4.5,,Automated,20,Manual or atuomated,54,,,,0.05-100,,,,,,
zygo,ZeGage Plus,STD 2.75x,0.08,2,CSI,Benchtop,white light,Array,0.15,0.3,3,,0.01,,,,,3.71,,3.56,1.48,,,1.51,,,4.5,,Automated,20,Manual or atuomated,54,,,,0.05-100,,,,,,
zygo,ZeGage Plus,STD 5.5x,0.15,0.5,CSI,Benchtop,white light,Array,0.15,0.3,3,,0.01,,,,,7.27,,1.9,2.95,,,3.02,,,8,,Automated,20,Manual or atuomated,54,,,,0.05-100,,,,,,
zygo,ZeGage Plus,STD 5.5x,0.15,1,CSI,Benchtop,white light,Array,0.15,0.3,3,,0.01,,,,,7.27,,1.9,1.47,,,1.5,,,8,,Automated,20,Manual or atuomated,54,,,,0.05-100,,,,,,
zygo,ZeGage Plus,STD 5.5x,0.15,2,CSI,Benchtop,white light,Array,0.15,0.3,3,,0.01,,,,,7.27,,1.9,0.74,,,0.76,,,8,,Automated,20,Manual or atuomated,54,,,,0.05-100,,,,,,
zygo,ZeGage Plus,STD 10x,0.3,0.5,CSI,Benchtop,white light,Array,0.15,0.3,3,,0.01,,,,,14.53,,0.95,1.64,,,1.68,,,7.4,,Automated,20,Manual or atuomated,54,,,,0.05-100,,,,,,
zygo,ZeGage Plus,STD 10x,0.3,1,CSI,Benchtop,white light,Array,0.15,0.3,3,,0.01,,,,,14.53,,0.95,0.82,,,0.83,,,7.4,,Automated,20,Manual or atuomated,54,,,,0.05-100,,,,,,
zygo,ZeGage Plus,STD 10x,0.3,2,CSI,Benchtop,white light,Array,0.15,0.3,3,,0.01,,,,,14.53,,0.95,0.41,,,0.42,,,7.4,,Automated,20,Manual or atuomated,54,,,,0.05-100,,,,,,
zygo,ZeGage Plus,STD 20x,4.7,0.5,CSI,Benchtop,white light,Array,0.15,0.3,3,,0.01,,,,,21.8,,0.71,0.82,,,0.84,,,4.7,,Automated,20,Manual or atuomated,54,,,,0.05-100,,,,,,
zygo,ZeGage Plus,STD 20x,4.7,1,CSI,Benchtop,white light,Array,0.15,0.3,3,,0.01,,,,,21.8,,0.71,0.41,,,0.42,,,4.7,,Automated,20,Manual or atuomated,54,,,,0.05-100,,,,,,
zygo,ZeGage Plus,STD 20x,4.7,2,CSI,Benchtop,white light,Array,0.15,0.3,3,,0.01,,,,,21.8,,0.71,0.21,,,0.21,,,4.7,,Automated,20,Manual or atuomated,54,,,,0.05-100,,,,,,
zygo,ZeGage Plus,STD 22x,0.1,0.5,CSI,Benchtop,white light,Array,0.15,0.3,3,,0.01,,,,,4.84,,2.85,0.75,,,0.76,,,4.2,,Automated,20,Manual or atuomated,54,,,,0.05-100,,,,,,
zygo,ZeGage Plus,STD 22x,0.1,1,CSI,Benchtop,white light,Array,0.15,0.3,3,,0.01,,,,,4.84,,2.85,0.37,,,0.38,,,4.2,,Automated,20,Manual or atuomated,54,,,,0.05-100,,,,,,
zygo,ZeGage Plus,STD 22x,0.1,2,CSI,Benchtop,white light,Array,0.15,0.3,3,,0.01,,,,,4.84,,2.85,0.19,,,0.19,,,4.2,,Automated,20,Manual or atuomated,54,,,,0.05-100,,,,,,
zygo,ZeGage Plus,STD 50x,0.55,0.5,CSI,Benchtop,white light,Array,0.15,0.3,3,,0.01,,,,,28.13,,0.52,0.33,,,0.34,,,3.4,,Automated,20,Manual or atuomated,54,,,,0.05-100,,,,,,
zygo,ZeGage Plus,STD 50x,0.55,1,CSI,Benchtop,white light,Array,0.15,0.3,3,,0.01,,,,,28.13,,0.52,0.17,,,0.17,,,3.4,,Automated,20,Manual or atuomated,54,,,,0.05-100,,,,,,
zygo,ZeGage Plus,STD 50x,0.55,2,CSI,Benchtop,white light,Array,0.15,0.3,3,,0.01,,,,,28.13,,0.52,0.08,,,0.08,,,3.4,,Automated,20,Manual or atuomated,54,,,,0.05-100,,,,,,
zygo,ZeGage Plus,STD 100x,0.85,0.5,CSI,Benchtop,white light,Array,0.15,0.3,3,,0.01,,,,,40.36,,0.34,0.16,,,0.17,,,0.5,,Automated,20,Manual or atuomated,54,,,,0.05-100,,,,,,
zygo,ZeGage Plus,STD 100x,0.85,1,CSI,Benchtop,white light,Array,0.15,0.3,3,,0.01,,,,,40.36,,0.34,0.08,,,0.08,,,0.5,,Automated,20,Manual or atuomated,54,,,,0.05-100,,,,,,
zygo,ZeGage Plus,STD 100x,0.85,2,CSI,Benchtop,white light,Array,0.15,0.3,3,,0.01,,,,,40.36,,0.34,0.04,,,0.04,,,0.5,,Automated,20,Manual or atuomated,54,,,,0.05-100,,,,,,
zygo,ZeGage Plus,LWD 1x,0.003,0.5,CSI,Benchtop,white light,Array,0.15,0.3,3,,0.01,,,,,1.34,,9.5,16.42,,,16.81,,,8,,Automated,20,Manual or atuomated,54,,,,0.05-100,,,,,,
zygo,ZeGage Plus,LWD 1x,0.003,1,CSI,Benchtop,white light,Array,0.15,0.3,3,,0.01,,,,,1.34,,9.5,8.15,,,8.34,,,8,,Automated,20,Manual or atuomated,54,,,,0.05-100,,,,,,
zygo,ZeGage Plus,LWD 1x,0.003,2,CSI,Benchtop,white light,Array,0.15,0.3,3,,0.01,,,,,1.34,,9.5,4.1,,,4.2,,,8,,Automated,20,Manual or atuomated,54,,,,0.05-100,,,,,,
zygo,ZeGage Plus,LWD 2x,0.055,0.5,CSI,Benchtop,white light,Array,0.15,0.3,3,,0.01,,,,,2.66,,5.18,8.21,,,8.41,,,21,,Automated,20,Manual or atuomated,54,,,,0.05-100,,,,,,
zygo,ZeGage Plus,LWD 2x,0.055,1,CSI,Benchtop,white light,Array,0.15,0.3,3,,0.01,,,,,2.66,,5.18,4.07,,,4.17,,,21,,Automated,20,Manual or atuomated,54,,,,0.05-100,,,,,,
zygo,ZeGage Plus,LWD 2x,0.055,2,CSI,Benchtop,white light,Array,0.15,0.3,3,,0.01,,,,,2.66,,5.18,2.05,,,2.1,,,21,,Automated,20,Manual or atuomated,54,,,,0.05-100,,,,,,
zygo,ZeGage Plus,LWD 5x,0.03,,CSI,Benchtop,white light,Array,0.15,0.3,3,,0.01,,,,,6.3,,1.02,3.28,,,3.36,,,21,,Automated,20,Manual or atuomated,54,,,,0.05-100,,,,,,
zygo,ZeGage Plus,LWD 5x,0.03,,CSI,Benchtop,white light,Array,0.15,0.3,3,,0.01,,,,,6.3,,1.02,1.63,,,1.67,,,21,,Automated,20,Manual or atuomated,54,,,,0.05-100,,,,,,
zygo,ZeGage Plus,LWD 5x,0.03,,CSI,Benchtop,white light,Array,0.15,0.3,3,,0.01,,,,,6.3,,1.02,0.82,,,0.84,,,21,,Automated,20,Manual or atuomated,54,,,,0.05-100,,,,,,
zygo,ZeGage Plus,LWD 10x,0.28,,CSI,Benchtop,white light,Array,0.15,0.3,3,,0.01,,,,,13.13,,1.02,1.44,,,1.47,,,19,,Automated,20,Manual or atuomated,54,,,,0.05-100,,,,,,
zygo,ZeGage Plus,LWD 10x,0.28,,CSI,Benchtop,white light,Array,0.15,0.3,3,,0.01,,,,,13.13,,1.02,0.7,,,0.73,,,19,,Automated,20,Manual or atuomated,54,,,,0.05-100,,,,,,
zygo,ZeGage Plus,LWD 10x,0.28,,CSI,Benchtop,white light,Array,0.15,0.3,3,,0.01,,,,,13.13,,1.02,0.36,,,0.37,,,19,,Automated,20,Manual or atuomated,54,,,,0.05-100,,,,,,
zygo,ZeGage Plus,SLWD 1x,0.03,,CSI,Benchtop,white light,Array,0.15,0.3,3,,0.01,,,,,1.34,,9.5,16.42,,,16.81,,,40,,Automated,20,Manual or atuomated,54,,,,0.05-100,,,,,,
zygo,ZeGage Plus,SLWD 1x,0.03,,CSI,Benchtop,white light,Array,0.15,0.3,3,,0.01,,,,,1.34,,9.5,8.15,,,8.34,,,40,,Automated,20,Manual or atuomated,54,,,,0.05-100,,,,,,
zygo,ZeGage Plus,SLWD 1x,0.03,,CSI,Benchtop,white light,Array,0.15,0.3,3,,0.01,,,,,1.34,,9.5,4.1,,,4.2,,,40,,Automated,20,Manual or atuomated,54,,,,0.05-100,,,,,,
zygo,ZeGage Plus,SLWD 5x,0.12,,CSI,Benchtop,white light,Array,0.15,0.3,3,,0.01,,,,,5.81,,2.38,3.28,,,3.36,,,40,,Automated,20,Manual or atuomated,54,,,,0.05-100,,,,,,
zygo,ZeGage Plus,SLWD 5x,0.12,,CSI,Benchtop,white light,Array,0.15,0.3,3,,0.01,,,,,5.81,,2.38,1.63,,,1.67,,,40,,Automated,20,Manual or atuomated,54,,,,0.05-100,,,,,,
zygo,ZeGage Plus,SLWD 5x,0.12,,CSI,Benchtop,white light,Array,0.15,0.3,3,,0.01,,,,,5.81,,2.38,0.82,,,0.84,,,40,,Automated,20,Manual or atuomated,54,,,,0.05-100,,,,,,
zygo,ZeGage Plus,GC 2x,0.055,,CSI,Benchtop,white light,Array,0.15,0.3,3,,0.01,,,,,2.66,,5.18,8.21,,,8.41,,,18.5,,Automated,20,Manual or atuomated,54,,,,0.05-100,,,,,,
zygo,ZeGage Plus,GC 2x,0.055,,CSI,Benchtop,white light,Array,0.15,0.3,3,,0.01,,,,,2.66,,5.18,4.07,,,4.17,,,18.5,,Automated,20,Manual or atuomated,54,,,,0.05-100,,,,,,
zygo,ZeGage Plus,GC 2x,0.055,,CSI,Benchtop,white light,Array,0.15,0.3,3,,0.01,,,,,2.66,,5.18,2.05,,,2.1,,,18.5,,Automated,20,Manual or atuomated,54,,,,0.05-100,,,,,,
zygo,ZeGage Plus,GC 5x,0.14,,CSI,Benchtop,white light,Array,0.15,0.3,3,,0.01,,,,,6.3,,2.04,3.28,,,3.36,,,19,,Automated,20,Manual or atuomated,54,,,,0.05-100,,,,,,
zygo,ZeGage Plus,GC 5x,0.14,,CSI,Benchtop,white light,Array,0.15,0.3,3,,0.01,,,,,6.3,,2.04,1.63,,,1.67,,,19,,Automated,20,Manual or atuomated,54,,,,0.05-100,,,,,,
zygo,ZeGage Plus,GC 5x,0.14,,CSI,Benchtop,white light,Array,0.15,0.3,3,,0.01,,,,,6.3,,2.04,0.82,,,0.84,,,19,,Automated,20,Manual or atuomated,54,,,,0.05-100,,,,,,
zygo,ZeGage Plus,GC 10x,0.28,,CSI,Benchtop,white light,Array,0.15,0.3,3,,0.01,,,,,13.13,,1.02,1.44,,,1.47,,,18,,Automated,20,Manual or atuomated,54,,,,0.05-100,,,,,,
zygo,ZeGage Plus,GC 10x,0.28,,CSI,Benchtop,white light,Array,0.15,0.3,3,,0.01,,,,,13.13,,1.02,0.72,,,0.73,,,18,,Automated,20,Manual or atuomated,54,,,,0.05-100,,,,,,
zygo,ZeGage Plus,GC 10x,0.28,,CSI,Benchtop,white light,Array,0.15,0.3,3,,0.01,,,,,13.13,,1.02,0.36,,,0.37,,,18,,Automated,20,Manual or atuomated,54,,,,0.05-100,,,,,,
,,,,,,,,,,,,,,,,,,,,,,,,,,,,,,,,,,,,,,,,,,
zygo,NewView 8300,STD 1.4x,0.04,0.5,CSI,Benchtop,white light,Array,0.12,0.03,0.3,,0.008,,,,86,1.85,,7.14,11.81,,,12.09,,,4,35,Automated,20,Manual or atuomated,91,,,,0.05-100,,,,,,
zygo,NewView 8300,STD 1.4x,0.04,1,CSI,Benchtop,white light,Array,0.12,0.03,0.3,,0.008,,,,86,1.85,,7.14,5.86,,,6,,,4,35,Automated,20,Manual or atuomated,91,,,,0.05-100,,,,,,
zygo,NewView 8300,STD 1.4x,0.04,2,CSI,Benchtop,white light,Array,0.12,0.03,0.3,,0.008,,,,86,1.85,,7.14,2.96,,,3.02,,,4,35,Automated,20,Manual or atuomated,91,,,,0.05-100,,,,,,
zygo,NewView 8300,STD 2.75x,0.08,0.5,CSI,Benchtop,white light,Array,0.12,0.03,0.3,,0.008,,,,86,3.71,,3.56,5.91,,,6.05,,,4.5,,Automated,20,Manual or atuomated,91,,,,0.05-100,,,,,,
zygo,NewView 8300,STD 2.75x,0.08,1,CSI,Benchtop,white light,Array,0.12,0.03,0.3,,0.008,,,,86,3.71,,3.56,2.93,,,3,,,4.5,,Automated,20,Manual or atuomated,91,,,,0.05-100,,,,,,
zygo,NewView 8300,STD 2.75x,0.08,2,CSI,Benchtop,white light,Array,0.12,0.03,0.3,,0.008,,,,86,3.71,,3.56,1.48,,,1.51,,,4.5,,Automated,20,Manual or atuomated,91,,,,0.05-100,,,,,,
zygo,NewView 8300,STD 5.5x,0.15,0.5,CSI,Benchtop,white light,Array,0.12,0.03,0.3,,0.008,,,,86,7.27,,1.9,2.95,,,3.02,,,8,,Automated,20,Manual or atuomated,91,,,,0.05-100,,,,,,
zygo,NewView 8300,STD 5.5x,0.15,1,CSI,Benchtop,white light,Array,0.12,0.03,0.3,,0.008,,,,86,7.27,,1.9,1.47,,,1.5,,,8,,Automated,20,Manual or atuomated,91,,,,0.05-100,,,,,,
zygo,NewView 8300,STD 5.5x,0.15,2,CSI,Benchtop,white light,Array,0.12,0.03,0.3,,0.008,,,,86,7.27,,1.9,0.74,,,0.76,,,8,,Automated,20,Manual or atuomated,91,,,,0.05-100,,,,,,
zygo,NewView 8300,STD 10x,0.3,0.5,CSI,Benchtop,white light,Array,0.12,0.03,0.3,,0.008,,,,86,14.53,,0.95,1.64,,,1.68,,,7.4,,Automated,20,Manual or atuomated,91,,,,0.05-100,,,,,,
zygo,NewView 8300,STD 10x,0.3,1,CSI,Benchtop,white light,Array,0.12,0.03,0.3,,0.008,,,,86,14.53,,0.95,0.82,,,0.83,,,7.4,,Automated,20,Manual or atuomated,91,,,,0.05-100,,,,,,
zygo,NewView 8300,STD 10x,0.3,2,CSI,Benchtop,white light,Array,0.12,0.03,0.3,,0.008,,,,86,14.53,,0.95,0.41,,,0.42,,,7.4,,Automated,20,Manual or atuomated,91,,,,0.05-100,,,,,,
zygo,NewView 8300,STD 20x,4.7,0.5,CSI,Benchtop,white light,Array,0.12,0.03,0.3,,0.008,,,,86,21.8,,0.71,0.82,,,0.84,,,4.7,,Automated,20,Manual or atuomated,91,,,,0.05-100,,,,,,
zygo,NewView 8300,STD 20x,4.7,1,CSI,Benchtop,white light,Array,0.12,0.03,0.3,,0.008,,,,86,21.8,,0.71,0.41,,,0.42,,,4.7,,Automated,20,Manual or atuomated,91,,,,0.05-100,,,,,,
zygo,NewView 8300,STD 20x,4.7,2,CSI,Benchtop,white light,Array,0.12,0.03,0.3,,0.008,,,,86,21.8,,0.71,0.21,,,0.21,,,4.7,,Automated,20,Manual or atuomated,91,,,,0.05-100,,,,,,
zygo,NewView 8300,STD 22x,0.1,0.5,CSI,Benchtop,white light,Array,0.12,0.03,0.3,,0.008,,,,86,4.84,,2.85,0.75,,,0.76,,,4.2,,Automated,20,Manual or atuomated,91,,,,0.05-100,,,,,,
zygo,NewView 8300,STD 22x,0.1,1,CSI,Benchtop,white light,Array,0.12,0.03,0.3,,0.008,,,,86,4.84,,2.85,0.37,,,0.38,,,4.2,,Automated,20,Manual or atuomated,91,,,,0.05-100,,,,,,
zygo,NewView 8300,STD 22x,0.1,2,CSI,Benchtop,white light,Array,0.12,0.03,0.3,,0.008,,,,86,4.84,,2.85,0.19,,,0.19,,,4.2,,Automated,20,Manual or atuomated,91,,,,0.05-100,,,,,,
zygo,NewView 8300,STD 50x,0.55,0.5,CSI,Benchtop,white light,Array,0.12,0.03,0.3,,0.008,,,,86,28.13,,0.52,0.33,,,0.34,,,3.4,,Automated,20,Manual or atuomated,91,,,,0.05-100,,,,,,
zygo,NewView 8300,STD 50x,0.55,1,CSI,Benchtop,white light,Array,0.12,0.03,0.3,,0.008,,,,86,28.13,,0.52,0.17,,,0.17,,,3.4,,Automated,20,Manual or atuomated,91,,,,0.05-100,,,,,,
zygo,NewView 8300,STD 50x,0.55,2,CSI,Benchtop,white light,Array,0.12,0.03,0.3,,0.008,,,,86,28.13,,0.52,0.08,,,0.08,,,3.4,,Automated,20,Manual or atuomated,91,,,,0.05-100,,,,,,
zygo,NewView 8300,STD 100x,0.85,0.5,CSI,Benchtop,white light,Array,0.12,0.03,0.3,,0.008,,,,86,40.36,,0.34,0.16,,,0.17,,,0.5,,Automated,20,Manual or atuomated,91,,,,0.05-100,,,,,,
zygo,NewView 8300,STD 100x,0.85,1,CSI,Benchtop,white light,Array,0.12,0.03,0.3,,0.008,,,,86,40.36,,0.34,0.08,,,0.08,,,0.5,,Automated,20,Manual or atuomated,91,,,,0.05-100,,,,,,
zygo,NewView 8300,STD 100x,0.85,2,CSI,Benchtop,white light,Array,0.12,0.03,0.3,,0.008,,,,86,40.36,,0.34,0.04,,,0.04,,,0.5,,Automated,20,Manual or atuomated,91,,,,0.05-100,,,,,,
zygo,NewView 8300,LWD 1x,0.003,0.5,CSI,Benchtop,white light,Array,0.12,0.03,0.3,,0.008,,,,86,1.34,,9.5,16.42,,,16.81,,,8,,Automated,20,Manual or atuomated,91,,,,0.05-100,,,,,,
zygo,NewView 8300,LWD 1x,0.003,1,CSI,Benchtop,white light,Array,0.12,0.03,0.3,,0.008,,,,86,1.34,,9.5,8.15,,,8.34,,,8,,Automated,20,Manual or atuomated,91,,,,0.05-100,,,,,,
zygo,NewView 8300,LWD 1x,0.003,2,CSI,Benchtop,white light,Array,0.12,0.03,0.3,,0.008,,,,86,1.34,,9.5,4.1,,,4.2,,,8,,Automated,20,Manual or atuomated,91,,,,0.05-100,,,,,,
zygo,NewView 8300,LWD 2x,0.055,0.5,CSI,Benchtop,white light,Array,0.12,0.03,0.3,,0.008,,,,86,2.66,,5.18,8.21,,,8.41,,,21,,Automated,20,Manual or atuomated,91,,,,0.05-100,,,,,,
zygo,NewView 8300,LWD 2x,0.055,1,CSI,Benchtop,white light,Array,0.12,0.03,0.3,,0.008,,,,86,2.66,,5.18,4.07,,,4.17,,,21,,Automated,20,Manual or atuomated,91,,,,0.05-100,,,,,,
zygo,NewView 8300,LWD 2x,0.055,2,CSI,Benchtop,white light,Array,0.12,0.03,0.3,,0.008,,,,86,2.66,,5.18,2.05,,,2.1,,,21,,Automated,20,Manual or atuomated,91,,,,0.05-100,,,,,,
zygo,NewView 8300,LWD 5x,0.03,,CSI,Benchtop,white light,Array,0.12,0.03,0.3,,0.008,,,,86,6.3,,1.02,3.28,,,3.36,,,21,,Automated,20,Manual or atuomated,91,,,,0.05-100,,,,,,
zygo,NewView 8300,LWD 5x,0.03,,CSI,Benchtop,white light,Array,0.12,0.03,0.3,,0.008,,,,86,6.3,,1.02,1.63,,,1.67,,,21,,Automated,20,Manual or atuomated,91,,,,0.05-100,,,,,,
zygo,NewView 8300,LWD 5x,0.03,,CSI,Benchtop,white light,Array,0.12,0.03,0.3,,0.008,,,,86,6.3,,1.02,0.82,,,0.84,,,21,,Automated,20,Manual or atuomated,91,,,,0.05-100,,,,,,
zygo,NewView 8300,LWD 10x,0.28,,CSI,Benchtop,white light,Array,0.12,0.03,0.3,,0.008,,,,86,13.13,,1.02,1.44,,,1.47,,,19,,Automated,20,Manual or atuomated,91,,,,0.05-100,,,,,,
zygo,NewView 8300,LWD 10x,0.28,,CSI,Benchtop,white light,Array,0.12,0.03,0.3,,0.008,,,,86,13.13,,1.02,0.7,,,0.73,,,19,,Automated,20,Manual or atuomated,91,,,,0.05-100,,,,,,
zygo,NewView 8300,LWD 10x,0.28,,CSI,Benchtop,white light,Array,0.12,0.03,0.3,,0.008,,,,86,13.13,,1.02,0.36,,,0.37,,,19,,Automated,20,Manual or atuomated,91,,,,0.05-100,,,,,,
zygo,NewView 8300,SLWD 1x,0.03,,CSI,Benchtop,white light,Array,0.12,0.03,0.3,,0.008,,,,86,1.34,,9.5,16.42,,,16.81,,,40,,Automated,20,Manual or atuomated,91,,,,0.05-100,,,,,,
zygo,NewView 8300,SLWD 1x,0.03,,CSI,Benchtop,white light,Array,0.12,0.03,0.3,,0.008,,,,86,1.34,,9.5,8.15,,,8.34,,,40,,Automated,20,Manual or atuomated,91,,,,0.05-100,,,,,,
zygo,NewView 8300,SLWD 1x,0.03,,CSI,Benchtop,white light,Array,0.12,0.03,0.3,,0.008,,,,86,1.34,,9.5,4.1,,,4.2,,,40,,Automated,20,Manual or atuomated,91,,,,0.05-100,,,,,,
zygo,NewView 8300,SLWD 5x,0.12,,CSI,Benchtop,white light,Array,0.12,0.03,0.3,,0.008,,,,86,5.81,,2.38,3.28,,,3.36,,,40,,Automated,20,Manual or atuomated,91,,,,0.05-100,,,,,,
zygo,NewView 8300,SLWD 5x,0.12,,CSI,Benchtop,white light,Array,0.12,0.03,0.3,,0.008,,,,86,5.81,,2.38,1.63,,,1.67,,,40,,Automated,20,Manual or atuomated,91,,,,0.05-100,,,,,,
zygo,NewView 8300,SLWD 5x,0.12,,CSI,Benchtop,white light,Array,0.12,0.03,0.3,,0.008,,,,86,5.81,,2.38,0.82,,,0.84,,,40,,Automated,20,Manual or atuomated,91,,,,0.05-100,,,,,,
zygo,NewView 8300,GC 2x,0.055,,CSI,Benchtop,white light,Array,0.12,0.03,0.3,,0.008,,,,86,2.66,,5.18,8.21,,,8.41,,,18.5,,Automated,20,Manual or atuomated,91,,,,0.05-100,,,,,,
zygo,NewView 8300,GC 2x,0.055,,CSI,Benchtop,white light,Array,0.12,0.03,0.3,,0.008,,,,86,2.66,,5.18,4.07,,,4.17,,,18.5,,Automated,20,Manual or atuomated,91,,,,0.05-100,,,,,,
zygo,NewView 8300,GC 2x,0.055,,CSI,Benchtop,white light,Array,0.12,0.03,0.3,,0.008,,,,86,2.66,,5.18,2.05,,,2.1,,,18.5,,Automated,20,Manual or atuomated,91,,,,0.05-100,,,,,,
zygo,NewView 8300,GC 5x,0.14,,CSI,Benchtop,white light,Array,0.12,0.03,0.3,,0.008,,,,86,6.3,,2.04,3.28,,,3.36,,,19,,Automated,20,Manual or atuomated,91,,,,0.05-100,,,,,,
zygo,NewView 8300,GC 5x,0.14,,CSI,Benchtop,white light,Array,0.12,0.03,0.3,,0.008,,,,86,6.3,,2.04,1.63,,,1.67,,,19,,Automated,20,Manual or atuomated,91,,,,0.05-100,,,,,,
zygo,NewView 8300,GC 5x,0.14,,CSI,Benchtop,white light,Array,0.12,0.03,0.3,,0.008,,,,86,6.3,,2.04,0.82,,,0.84,,,19,,Automated,20,Manual or atuomated,91,,,,0.05-100,,,,,,
zygo,NewView 8300,GC 10x,0.28,,CSI,Benchtop,white light,Array,0.12,0.03,0.3,,0.008,,,,86,13.13,,1.02,1.44,,,1.47,,,18,,Automated,20,Manual or atuomated,91,,,,0.05-100,,,,,,
zygo,NewView 8300,GC 10x,0.28,,CSI,Benchtop,white light,Array,0.12,0.03,0.3,,0.008,,,,86,13.13,,1.02,0.72,,,0.73,,,18,,Automated,20,Manual or atuomated,91,,,,0.05-100,,,,,,
zygo,NewView 8300,GC 10x,0.28,,CSI,Benchtop,white light,Array,0.12,0.03,0.3,,0.008,,,,86,13.13,,1.02,0.36,,,0.37,,,18,,Automated,20,Manual or atuomated,91,,,,0.05-100,,,,,,
,,,,,,,,,,,,,,,,,,,,,,,,,,,,,,,,,,,,,,,,,,
zygo,NewView 8200,STD 1.4x,0.04,0.5,CSI,Benchtop,white light,Array,0.12,0.03,0.3,,0.01,,,,86,1.85,,7.14,11.81,,,12.09,,,4,35,Automated,20,Manual or atuomated,91,,,,0.05-100,,,,,,
zygo,NewView 8200,STD 1.4x,0.04,1,CSI,Benchtop,white light,Array,0.12,0.03,0.3,,0.01,,,,86,1.85,,7.14,5.86,,,6,,,4,35,Automated,20,Manual or atuomated,91,,,,0.05-100,,,,,,
zygo,NewView 8200,STD 1.4x,0.04,2,CSI,Benchtop,white light,Array,0.12,0.03,0.3,,0.01,,,,86,1.85,,7.14,2.96,,,3.02,,,4,35,Automated,20,Manual or atuomated,91,,,,0.05-100,,,,,,
zygo,NewView 8200,STD 2.75x,0.08,0.5,CSI,Benchtop,white light,Array,0.12,0.03,0.3,,0.01,,,,86,3.71,,3.56,5.91,,,6.05,,,4.5,,Automated,20,Manual or atuomated,91,,,,0.05-100,,,,,,
zygo,NewView 8200,STD 2.75x,0.08,1,CSI,Benchtop,white light,Array,0.12,0.03,0.3,,0.01,,,,86,3.71,,3.56,2.93,,,3,,,4.5,,Automated,20,Manual or atuomated,91,,,,0.05-100,,,,,,
zygo,NewView 8200,STD 2.75x,0.08,2,CSI,Benchtop,white light,Array,0.12,0.03,0.3,,0.01,,,,86,3.71,,3.56,1.48,,,1.51,,,4.5,,Automated,20,Manual or atuomated,91,,,,0.05-100,,,,,,
zygo,NewView 8200,STD 5.5x,0.15,0.5,CSI,Benchtop,white light,Array,0.12,0.03,0.3,,0.01,,,,86,7.27,,1.9,2.95,,,3.02,,,8,,Automated,20,Manual or atuomated,91,,,,0.05-100,,,,,,
zygo,NewView 8200,STD 5.5x,0.15,1,CSI,Benchtop,white light,Array,0.12,0.03,0.3,,0.01,,,,86,7.27,,1.9,1.47,,,1.5,,,8,,Automated,20,Manual or atuomated,91,,,,0.05-100,,,,,,
zygo,NewView 8200,STD 5.5x,0.15,2,CSI,Benchtop,white light,Array,0.12,0.03,0.3,,0.01,,,,86,7.27,,1.9,0.74,,,0.76,,,8,,Automated,20,Manual or atuomated,91,,,,0.05-100,,,,,,
zygo,NewView 8200,STD 10x,0.3,0.5,CSI,Benchtop,white light,Array,0.12,0.03,0.3,,0.01,,,,86,14.53,,0.95,1.64,,,1.68,,,7.4,,Automated,20,Manual or atuomated,91,,,,0.05-100,,,,,,
zygo,NewView 8200,STD 10x,0.3,1,CSI,Benchtop,white light,Array,0.12,0.03,0.3,,0.01,,,,86,14.53,,0.95,0.82,,,0.83,,,7.4,,Automated,20,Manual or atuomated,91,,,,0.05-100,,,,,,
zygo,NewView 8200,STD 10x,0.3,2,CSI,Benchtop,white light,Array,0.12,0.03,0.3,,0.01,,,,86,14.53,,0.95,0.41,,,0.42,,,7.4,,Automated,20,Manual or atuomated,91,,,,0.05-100,,,,,,
zygo,NewView 8200,STD 20x,4.7,0.5,CSI,Benchtop,white light,Array,0.12,0.03,0.3,,0.01,,,,86,21.8,,0.71,0.82,,,0.84,,,4.7,,Automated,20,Manual or atuomated,91,,,,0.05-100,,,,,,
zygo,NewView 8200,STD 20x,4.7,1,CSI,Benchtop,white light,Array,0.12,0.03,0.3,,0.01,,,,86,21.8,,0.71,0.41,,,0.42,,,4.7,,Automated,20,Manual or atuomated,91,,,,0.05-100,,,,,,
zygo,NewView 8200,STD 20x,4.7,2,CSI,Benchtop,white light,Array,0.12,0.03,0.3,,0.01,,,,86,21.8,,0.71,0.21,,,0.21,,,4.7,,Automated,20,Manual or atuomated,91,,,,0.05-100,,,,,,
zygo,NewView 8200,STD 22x,0.1,0.5,CSI,Benchtop,white light,Array,0.12,0.03,0.3,,0.01,,,,86,4.84,,2.85,0.75,,,0.76,,,4.2,,Automated,20,Manual or atuomated,91,,,,0.05-100,,,,,,
zygo,NewView 8200,STD 22x,0.1,1,CSI,Benchtop,white light,Array,0.12,0.03,0.3,,0.01,,,,86,4.84,,2.85,0.37,,,0.38,,,4.2,,Automated,20,Manual or atuomated,91,,,,0.05-100,,,,,,
zygo,NewView 8200,STD 22x,0.1,2,CSI,Benchtop,white light,Array,0.12,0.03,0.3,,0.01,,,,86,4.84,,2.85,0.19,,,0.19,,,4.2,,Automated,20,Manual or atuomated,91,,,,0.05-100,,,,,,
zygo,NewView 8200,STD 50x,0.55,0.5,CSI,Benchtop,white light,Array,0.12,0.03,0.3,,0.01,,,,86,28.13,,0.52,0.33,,,0.34,,,3.4,,Automated,20,Manual or atuomated,91,,,,0.05-100,,,,,,
zygo,NewView 8200,STD 50x,0.55,1,CSI,Benchtop,white light,Array,0.12,0.03,0.3,,0.01,,,,86,28.13,,0.52,0.17,,,0.17,,,3.4,,Automated,20,Manual or atuomated,91,,,,0.05-100,,,,,,
zygo,NewView 8200,STD 50x,0.55,2,CSI,Benchtop,white light,Array,0.12,0.03,0.3,,0.01,,,,86,28.13,,0.52,0.08,,,0.08,,,3.4,,Automated,20,Manual or atuomated,91,,,,0.05-100,,,,,,
zygo,NewView 8200,STD 100x,0.85,0.5,CSI,Benchtop,white light,Array,0.12,0.03,0.3,,0.01,,,,86,40.36,,0.34,0.16,,,0.17,,,0.5,,Automated,20,Manual or atuomated,91,,,,0.05-100,,,,,,
zygo,NewView 8200,STD 100x,0.85,1,CSI,Benchtop,white light,Array,0.12,0.03,0.3,,0.01,,,,86,40.36,,0.34,0.08,,,0.08,,,0.5,,Automated,20,Manual or atuomated,91,,,,0.05-100,,,,,,
zygo,NewView 8200,STD 100x,0.85,2,CSI,Benchtop,white light,Array,0.12,0.03,0.3,,0.01,,,,86,40.36,,0.34,0.04,,,0.04,,,0.5,,Automated,20,Manual or atuomated,91,,,,0.05-100,,,,,,
zygo,NewView 8200,LWD 1x,0.003,0.5,CSI,Benchtop,white light,Array,0.12,0.03,0.3,,0.01,,,,86,1.34,,9.5,16.42,,,16.81,,,8,,Automated,20,Manual or atuomated,91,,,,0.05-100,,,,,,
zygo,NewView 8200,LWD 1x,0.003,1,CSI,Benchtop,white light,Array,0.12,0.03,0.3,,0.01,,,,86,1.34,,9.5,8.15,,,8.34,,,8,,Automated,20,Manual or atuomated,91,,,,0.05-100,,,,,,
zygo,NewView 8200,LWD 1x,0.003,2,CSI,Benchtop,white light,Array,0.12,0.03,0.3,,0.01,,,,86,1.34,,9.5,4.1,,,4.2,,,8,,Automated,20,Manual or atuomated,91,,,,0.05-100,,,,,,
zygo,NewView 8200,LWD 2x,0.055,0.5,CSI,Benchtop,white light,Array,0.12,0.03,0.3,,0.01,,,,86,2.66,,5.18,8.21,,,8.41,,,21,,Automated,20,Manual or atuomated,91,,,,0.05-100,,,,,,
zygo,NewView 8200,LWD 2x,0.055,1,CSI,Benchtop,white light,Array,0.12,0.03,0.3,,0.01,,,,86,2.66,,5.18,4.07,,,4.17,,,21,,Automated,20,Manual or atuomated,91,,,,0.05-100,,,,,,
zygo,NewView 8200,LWD 2x,0.055,2,CSI,Benchtop,white light,Array,0.12,0.03,0.3,,0.01,,,,86,2.66,,5.18,2.05,,,2.1,,,21,,Automated,20,Manual or atuomated,91,,,,0.05-100,,,,,,
zygo,NewView 8200,LWD 5x,0.03,,CSI,Benchtop,white light,Array,0.12,0.03,0.3,,0.01,,,,86,6.3,,1.02,3.28,,,3.36,,,21,,Automated,20,Manual or atuomated,91,,,,0.05-100,,,,,,
zygo,NewView 8200,LWD 5x,0.03,,CSI,Benchtop,white light,Array,0.12,0.03,0.3,,0.01,,,,86,6.3,,1.02,1.63,,,1.67,,,21,,Automated,20,Manual or atuomated,91,,,,0.05-100,,,,,,
zygo,NewView 8200,LWD 5x,0.03,,CSI,Benchtop,white light,Array,0.12,0.03,0.3,,0.01,,,,86,6.3,,1.02,0.82,,,0.84,,,21,,Automated,20,Manual or atuomated,91,,,,0.05-100,,,,,,
zygo,NewView 8200,LWD 10x,0.28,,CSI,Benchtop,white light,Array,0.12,0.03,0.3,,0.01,,,,86,13.13,,1.02,1.44,,,1.47,,,19,,Automated,20,Manual or atuomated,91,,,,0.05-100,,,,,,
zygo,NewView 8200,LWD 10x,0.28,,CSI,Benchtop,white light,Array,0.12,0.03,0.3,,0.01,,,,86,13.13,,1.02,0.7,,,0.73,,,19,,Automated,20,Manual or atuomated,91,,,,0.05-100,,,,,,
zygo,NewView 8200,LWD 10x,0.28,,CSI,Benchtop,white light,Array,0.12,0.03,0.3,,0.01,,,,86,13.13,,1.02,0.36,,,0.37,,,19,,Automated,20,Manual or atuomated,91,,,,0.05-100,,,,,,
zygo,NewView 8200,SLWD 1x,0.03,,CSI,Benchtop,white light,Array,0.12,0.03,0.3,,0.01,,,,86,1.34,,9.5,16.42,,,16.81,,,40,,Automated,20,Manual or atuomated,91,,,,0.05-100,,,,,,
zygo,NewView 8200,SLWD 1x,0.03,,CSI,Benchtop,white light,Array,0.12,0.03,0.3,,0.01,,,,86,1.34,,9.5,8.15,,,8.34,,,40,,Automated,20,Manual or atuomated,91,,,,0.05-100,,,,,,
zygo,NewView 8200,SLWD 1x,0.03,,CSI,Benchtop,white light,Array,0.12,0.03,0.3,,0.01,,,,86,1.34,,9.5,4.1,,,4.2,,,40,,Automated,20,Manual or atuomated,91,,,,0.05-100,,,,,,
zygo,NewView 8200,SLWD 5x,0.12,,CSI,Benchtop,white light,Array,0.12,0.03,0.3,,0.01,,,,86,5.81,,2.38,3.28,,,3.36,,,40,,Automated,20,Manual or atuomated,91,,,,0.05-100,,,,,,
zygo,NewView 8200,SLWD 5x,0.12,,CSI,Benchtop,white light,Array,0.12,0.03,0.3,,0.01,,,,86,5.81,,2.38,1.63,,,1.67,,,40,,Automated,20,Manual or atuomated,91,,,,0.05-100,,,,,,
zygo,NewView 8200,SLWD 5x,0.12,,CSI,Benchtop,white light,Array,0.12,0.03,0.3,,0.01,,,,86,5.81,,2.38,0.82,,,0.84,,,40,,Automated,20,Manual or atuomated,91,,,,0.05-100,,,,,,
zygo,NewView 8200,GC 2x,0.055,,CSI,Benchtop,white light,Array,0.12,0.03,0.3,,0.01,,,,86,2.66,,5.18,8.21,,,8.41,,,18.5,,Automated,20,Manual or atuomated,91,,,,0.05-100,,,,,,
zygo,NewView 8200,GC 2x,0.055,,CSI,Benchtop,white light,Array,0.12,0.03,0.3,,0.01,,,,86,2.66,,5.18,4.07,,,4.17,,,18.5,,Automated,20,Manual or atuomated,91,,,,0.05-100,,,,,,
zygo,NewView 8200,GC 2x,0.055,,CSI,Benchtop,white light,Array,0.12,0.03,0.3,,0.01,,,,86,2.66,,5.18,2.05,,,2.1,,,18.5,,Automated,20,Manual or atuomated,91,,,,0.05-100,,,,,,
zygo,NewView 8200,GC 5x,0.14,,CSI,Benchtop,white light,Array,0.12,0.03,0.3,,0.01,,,,86,6.3,,2.04,3.28,,,3.36,,,19,,Automated,20,Manual or atuomated,91,,,,0.05-100,,,,,,
zygo,NewView 8200,GC 5x,0.14,,CSI,Benchtop,white light,Array,0.12,0.03,0.3,,0.01,,,,86,6.3,,2.04,1.63,,,1.67,,,19,,Automated,20,Manual or atuomated,91,,,,0.05-100,,,,,,
zygo,NewView 8200,GC 5x,0.14,,CSI,Benchtop,white light,Array,0.12,0.03,0.3,,0.01,,,,86,6.3,,2.04,0.82,,,0.84,,,19,,Automated,20,Manual or atuomated,91,,,,0.05-100,,,,,,
zygo,NewView 8200,GC 10x,0.28,,CSI,Benchtop,white light,Array,0.12,0.03,0.3,,0.01,,,,86,13.13,,1.02,1.44,,,1.47,,,18,,Automated,20,Manual or atuomated,91,,,,0.05-100,,,,,,
zygo,NewView 8200,GC 10x,0.28,,CSI,Benchtop,white light,Array,0.12,0.03,0.3,,0.01,,,,86,13.13,,1.02,0.72,,,0.73,,,18,,Automated,20,Manual or atuomated,91,,,,0.05-100,,,,,,
zygo,NewView 8200,GC 10x,0.28,,CSI,Benchtop,white light,Array,0.12,0.03,0.3,,0.01,,,,86,13.13,,1.02,0.36,,,0.37,,,18,,Automated,20,Manual or atuomated,91,,,,0.05-100,,,,,,
,,,,,,,,,,,,,,,,,,,,,,,,,,,,,,,,,,,,,,,,,,
zygo,nomad,STD 1.4x,0.04,0.5,CSI,Portable,white light,Array,0.1,0.03,,,0.01,,,,86,1.85,,7.14,11.81,,,12.09,,,4,35,Automated,20,Manual or atuomated,91,,,,0.05-100,,,,,,
zygo,nomad,STD 1.4x,0.04,1,CSI,Portable,white light,Array,0.1,0.03,,,0.01,,,,86,1.85,,7.14,5.86,,,6,,,4,35,Automated,20,Manual or atuomated,91,,,,0.05-100,,,,,,
zygo,nomad,STD 1.4x,0.04,2,CSI,Portable,white light,Array,0.1,0.03,,,0.01,,,,86,1.85,,7.14,2.96,,,3.02,,,4,35,Automated,20,Manual or atuomated,91,,,,0.05-100,,,,,,
zygo,nomad,STD 2.75x,0.08,0.5,CSI,Portable,white light,Array,0.1,0.03,,,0.01,,,,86,3.71,,3.56,5.91,,,6.05,,,4.5,,Automated,20,Manual or atuomated,91,,,,0.05-100,,,,,,
zygo,nomad,STD 2.75x,0.08,1,CSI,Portable,white light,Array,0.1,0.03,,,0.01,,,,86,3.71,,3.56,2.93,,,3,,,4.5,,Automated,20,Manual or atuomated,91,,,,0.05-100,,,,,,
zygo,nomad,STD 2.75x,0.08,2,CSI,Portable,white light,Array,0.1,0.03,,,0.01,,,,86,3.71,,3.56,1.48,,,1.51,,,4.5,,Automated,20,Manual or atuomated,91,,,,0.05-100,,,,,,
zygo,nomad,STD 5.5x,0.15,0.5,CSI,Portable,white light,Array,0.1,0.03,,,0.01,,,,86,7.27,,1.9,2.95,,,3.02,,,8,,Automated,20,Manual or atuomated,91,,,,0.05-100,,,,,,
zygo,nomad,STD 5.5x,0.15,1,CSI,Portable,white light,Array,0.1,0.03,,,0.01,,,,86,7.27,,1.9,1.47,,,1.5,,,8,,Automated,20,Manual or atuomated,91,,,,0.05-100,,,,,,
zygo,nomad,STD 5.5x,0.15,2,CSI,Portable,white light,Array,0.1,0.03,,,0.01,,,,86,7.27,,1.9,0.74,,,0.76,,,8,,Automated,20,Manual or atuomated,91,,,,0.05-100,,,,,,
zygo,nomad,STD 10x,0.3,0.5,CSI,Portable,white light,Array,0.1,0.03,,,0.01,,,,86,14.53,,0.95,1.64,,,1.68,,,7.4,,Automated,20,Manual or atuomated,91,,,,0.05-100,,,,,,
zygo,nomad,STD 10x,0.3,1,CSI,Portable,white light,Array,0.1,0.03,,,0.01,,,,86,14.53,,0.95,0.82,,,0.83,,,7.4,,Automated,20,Manual or atuomated,91,,,,0.05-100,,,,,,
zygo,nomad,STD 10x,0.3,2,CSI,Portable,white light,Array,0.1,0.03,,,0.01,,,,86,14.53,,0.95,0.41,,,0.42,,,7.4,,Automated,20,Manual or atuomated,91,,,,0.05-100,,,,,,
zygo,nomad,STD 20x,4.7,0.5,CSI,Portable,white light,Array,0.1,0.03,,,0.01,,,,86,21.8,,0.71,0.82,,,0.84,,,4.7,,Automated,20,Manual or atuomated,91,,,,0.05-100,,,,,,
zygo,nomad,STD 20x,4.7,1,CSI,Portable,white light,Array,0.1,0.03,,,0.01,,,,86,21.8,,0.71,0.41,,,0.42,,,4.7,,Automated,20,Manual or atuomated,91,,,,0.05-100,,,,,,
zygo,nomad,STD 20x,4.7,2,CSI,Portable,white light,Array,0.1,0.03,,,0.01,,,,86,21.8,,0.71,0.21,,,0.21,,,4.7,,Automated,20,Manual or atuomated,91,,,,0.05-100,,,,,,
zygo,nomad,STD 22x,0.1,0.5,CSI,Portable,white light,Array,0.1,0.03,,,0.01,,,,86,4.84,,2.85,0.75,,,0.76,,,4.2,,Automated,20,Manual or atuomated,91,,,,0.05-100,,,,,,
zygo,nomad,STD 22x,0.1,1,CSI,Portable,white light,Array,0.1,0.03,,,0.01,,,,86,4.84,,2.85,0.37,,,0.38,,,4.2,,Automated,20,Manual or atuomated,91,,,,0.05-100,,,,,,
zygo,nomad,STD 22x,0.1,2,CSI,Portable,white light,Array,0.1,0.03,,,0.01,,,,86,4.84,,2.85,0.19,,,0.19,,,4.2,,Automated,20,Manual or atuomated,91,,,,0.05-100,,,,,,
zygo,nomad,STD 50x,0.55,0.5,CSI,Portable,white light,Array,0.1,0.03,,,0.01,,,,86,28.13,,0.52,0.33,,,0.34,,,3.4,,Automated,20,Manual or atuomated,91,,,,0.05-100,,,,,,
zygo,nomad,STD 50x,0.55,1,CSI,Portable,white light,Array,0.1,0.03,,,0.01,,,,86,28.13,,0.52,0.17,,,0.17,,,3.4,,Automated,20,Manual or atuomated,91,,,,0.05-100,,,,,,
zygo,nomad,STD 50x,0.55,2,CSI,Portable,white light,Array,0.1,0.03,,,0.01,,,,86,28.13,,0.52,0.08,,,0.08,,,3.4,,Automated,20,Manual or atuomated,91,,,,0.05-100,,,,,,
zygo,nomad,STD 100x,0.85,0.5,CSI,Portable,white light,Array,0.1,0.03,,,0.01,,,,86,40.36,,0.34,0.16,,,0.17,,,0.5,,Automated,20,Manual or atuomated,91,,,,0.05-100,,,,,,
zygo,nomad,STD 100x,0.85,1,CSI,Portable,white light,Array,0.1,0.03,,,0.01,,,,86,40.36,,0.34,0.08,,,0.08,,,0.5,,Automated,20,Manual or atuomated,91,,,,0.05-100,,,,,,
zygo,nomad,STD 100x,0.85,2,CSI,Portable,white light,Array,0.1,0.03,,,0.01,,,,86,40.36,,0.34,0.04,,,0.04,,,0.5,,Automated,20,Manual or atuomated,91,,,,0.05-100,,,,,,
zygo,nomad,LWD 1x,0.003,0.5,CSI,Portable,white light,Array,0.1,0.03,,,0.01,,,,86,1.34,,9.5,16.42,,,16.81,,,8,,Automated,20,Manual or atuomated,91,,,,0.05-100,,,,,,
zygo,nomad,LWD 1x,0.003,1,CSI,Portable,white light,Array,0.1,0.03,,,0.01,,,,86,1.34,,9.5,8.15,,,8.34,,,8,,Automated,20,Manual or atuomated,91,,,,0.05-100,,,,,,
zygo,nomad,LWD 1x,0.003,2,CSI,Portable,white light,Array,0.1,0.03,,,0.01,,,,86,1.34,,9.5,4.1,,,4.2,,,8,,Automated,20,Manual or atuomated,91,,,,0.05-100,,,,,,
zygo,nomad,LWD 2x,0.055,0.5,CSI,Portable,white light,Array,0.1,0.03,,,0.01,,,,86,2.66,,5.18,8.21,,,8.41,,,21,,Automated,20,Manual or atuomated,91,,,,0.05-100,,,,,,
zygo,nomad,LWD 2x,0.055,1,CSI,Portable,white light,Array,0.1,0.03,,,0.01,,,,86,2.66,,5.18,4.07,,,4.17,,,21,,Automated,20,Manual or atuomated,91,,,,0.05-100,,,,,,
zygo,nomad,LWD 2x,0.055,2,CSI,Portable,white light,Array,0.1,0.03,,,0.01,,,,86,2.66,,5.18,2.05,,,2.1,,,21,,Automated,20,Manual or atuomated,91,,,,0.05-100,,,,,,
zygo,nomad,LWD 5x,0.03,,CSI,Portable,white light,Array,0.1,0.03,,,0.01,,,,86,6.3,,1.02,3.28,,,3.36,,,21,,Automated,20,Manual or atuomated,91,,,,0.05-100,,,,,,
zygo,nomad,LWD 5x,0.03,,CSI,Portable,white light,Array,0.1,0.03,,,0.01,,,,86,6.3,,1.02,1.63,,,1.67,,,21,,Automated,20,Manual or atuomated,91,,,,0.05-100,,,,,,
zygo,nomad,LWD 5x,0.03,,CSI,Portable,white light,Array,0.1,0.03,,,0.01,,,,86,6.3,,1.02,0.82,,,0.84,,,21,,Automated,20,Manual or atuomated,91,,,,0.05-100,,,,,,
zygo,nomad,LWD 10x,0.28,,CSI,Portable,white light,Array,0.1,0.03,,,0.01,,,,86,13.13,,1.02,1.44,,,1.47,,,19,,Automated,20,Manual or atuomated,91,,,,0.05-100,,,,,,
zygo,nomad,LWD 10x,0.28,,CSI,Portable,white light,Array,0.1,0.03,,,0.01,,,,86,13.13,,1.02,0.7,,,0.73,,,19,,Automated,20,Manual or atuomated,91,,,,0.05-100,,,,,,
zygo,nomad,LWD 10x,0.28,,CSI,Portable,white light,Array,0.1,0.03,,,0.01,,,,86,13.13,,1.02,0.36,,,0.37,,,19,,Automated,20,Manual or atuomated,91,,,,0.05-100,,,,,,
zygo,nomad,SLWD 1x,0.03,,CSI,Portable,white light,Array,0.1,0.03,,,0.01,,,,86,1.34,,9.5,16.42,,,16.81,,,40,,Automated,20,Manual or atuomated,91,,,,0.05-100,,,,,,
zygo,nomad,SLWD 1x,0.03,,CSI,Portable,white light,Array,0.1,0.03,,,0.01,,,,86,1.34,,9.5,8.15,,,8.34,,,40,,Automated,20,Manual or atuomated,91,,,,0.05-100,,,,,,
zygo,nomad,SLWD 1x,0.03,,CSI,Portable,white light,Array,0.1,0.03,,,0.01,,,,86,1.34,,9.5,4.1,,,4.2,,,40,,Automated,20,Manual or atuomated,91,,,,0.05-100,,,,,,
zygo,nomad,SLWD 5x,0.12,,CSI,Portable,white light,Array,0.1,0.03,,,0.01,,,,86,5.81,,2.38,3.28,,,3.36,,,40,,Automated,20,Manual or atuomated,91,,,,0.05-100,,,,,,
zygo,nomad,SLWD 5x,0.12,,CSI,Portable,white light,Array,0.1,0.03,,,0.01,,,,86,5.81,,2.38,1.63,,,1.67,,,40,,Automated,20,Manual or atuomated,91,,,,0.05-100,,,,,,
zygo,nomad,SLWD 5x,0.12,,CSI,Portable,white light,Array,0.1,0.03,,,0.01,,,,86,5.81,,2.38,0.82,,,0.84,,,40,,Automated,20,Manual or atuomated,91,,,,0.05-100,,,,,,
zygo,nomad,GC 2x,0.055,,CSI,Portable,white light,Array,0.1,0.03,,,0.01,,,,86,2.66,,5.18,8.21,,,8.41,,,18.5,,Automated,20,Manual or atuomated,91,,,,0.05-100,,,,,,
zygo,nomad,GC 2x,0.055,,CSI,Portable,white light,Array,0.1,0.03,,,0.01,,,,86,2.66,,5.18,4.07,,,4.17,,,18.5,,Automated,20,Manual or atuomated,91,,,,0.05-100,,,,,,
zygo,nomad,GC 2x,0.055,,CSI,Portable,white light,Array,0.1,0.03,,,0.01,,,,86,2.66,,5.18,2.05,,,2.1,,,18.5,,Automated,20,Manual or atuomated,91,,,,0.05-100,,,,,,
zygo,nomad,GC 5x,0.14,,CSI,Portable,white light,Array,0.1,0.03,,,0.01,,,,86,6.3,,2.04,3.28,,,3.36,,,19,,Automated,20,Manual or atuomated,91,,,,0.05-100,,,,,,
zygo,nomad,GC 5x,0.14,,CSI,Portable,white light,Array,0.1,0.03,,,0.01,,,,86,6.3,,2.04,1.63,,,1.67,,,19,,Automated,20,Manual or atuomated,91,,,,0.05-100,,,,,,
zygo,nomad,GC 5x,0.14,,CSI,Portable,white light,Array,0.1,0.03,,,0.01,,,,86,6.3,,2.04,0.82,,,0.84,,,19,,Automated,20,Manual or atuomated,91,,,,0.05-100,,,,,,
zygo,nomad,GC 10x,0.28,,CSI,Portable,white light,Array,0.1,0.03,,,0.01,,,,86,13.13,,1.02,1.44,,,1.47,,,18,,Automated,20,Manual or atuomated,91,,,,0.05-100,,,,,,
zygo,nomad,GC 10x,0.28,,CSI,Portable,white light,Array,0.1,0.03,,,0.01,,,,86,13.13,,1.02,0.72,,,0.73,,,18,,Automated,20,Manual or atuomated,91,,,,0.05-100,,,,,,
zygo,nomad,GC 10x,0.28,,CSI,Portable,white light,Array,0.1,0.03,,,0.01,,,,86,13.13,,1.02,0.36,,,0.37,,,18,,Automated,20,Manual or atuomated,91,,,,0.05-100,,,,,,
LMI Technologies , R1X ,,,,structured light scanner,Portable,white light,Array,,65,,,,,,,,,,,100,,,,,,370,,,,,,,,,,1.3,,1,,,
LMI Technologies , R1X ,,,,structured light scanner,Portable,white light,Array,,115,,,,,,,,,,,200,,,,,,690,,,,,,,,,,1.3,,1,,,
LMI Technologies , R1X ,,,,structured light scanner,Portable,white light,Array,,125,,,,,,,,,,,300,,,51150,,,1040,,,,,,,,,,1.3,,1,,,
LMI Technologies , R3X ,,,,structured light scanner,Portable,white light,Array,,45,,,,,,,,,,,75,,,,,,370,,,,,,,,,,0.88,,1,,,
LMI Technologies , R3X ,,,,structured light scanner,Portable,white light,Array,,75,,,,,,,,,,,165,,,,,,690,,,,,,,,,,0.88,,1,,,
LMI Technologies , R3X ,,,,structured light scanner,Portable,white light,Array,,105,,,,,,,,,,,250,,,78453,,,1040,,,,,,,,,,0.88,,1,,,
LMI Technologies , R4X ,,,,structured light scanner,Portable,white light,Array,,36,,,,,,,,,,,71,,,,,,385,,,,,,,,,,1.3,,1,,,
LMI Technologies , R4X ,,,,structured light scanner,Portable,white light,Array,,84,,,,,,,,,,,228,,,143312,,,1110,,,,,,,,,,1.3,,1,,,
LMI Technologies ,MikroCAD lite,,,,structured light scanner,Benchtop,blue LED,Array,,,,,,,,,,,,,,,,1.92,,,26,,,0.8,,,,,,,4,,,,,
LMI Technologies ,MikroCAD premium ,,,,structured light scanner,Benchtop,blue LED,Array,,,,,,,,,,,,,,,,1.92,,,26,,,0.8,,,,,,,7.5,,,,,
LMI Technologies ,MikroCAD premium ,,,,structured light scanner,Benchtop,blue LED,Array,,,,,,,,,,,,,,,,130,,,85,,,3,,,,,,,6,,,,,
LMI Technologies ,MikroCAD premium ,,,,structured light scanner,Benchtop,blue LED,Array,,,,,,,,,,,,,,,,4800,,,283,,,30,,,,,,,6,,,,,
LMI Technologies ,MikroCAD premium ,,,,structured light scanner,Benchtop,blue LED,Array,,,,,,,,,,,,,,,,14700,,,230,,,30,,,,,,,6,,,,,
LMI Technologies ,MikroCAD plus,,,,structured light scanner,Benchtop,blue LED,Array,,,,,,,,,,,,,,,,2.38,,,33,,,0.5,,,,,,,10,,,,,
 Artec  3D,EVA ,,,,structured light scanner,Portable,ﬂash bulb,Array,,100,,,,,,,,,,,500,,,31672,,,,,,60,,0.85,,,,,0.0002,,1,,,
 Artec  3D,Spider,,,,structured light scanner,Portable,blue LED,Array,,100,,,,,,,,,,,100,,,6300,,,,,,,,0.85,,,,,0.0002,,1,,,
 Artec  3D,Space spider,,,,structured light scanner,Portable,blue LED,Array,,50,,,,,,,,,,,100,,,6300,,,,,,,,0.85,,,,,0.0005,,1,,,
aicon 3D,stereoSCAN neo,,,,structured light scanner,Portable,,Array,,,,,,,,,,,,,,,,,,,,,,,,,,,,,,,,,,
aicon 3D,smartSCAN-HE,,,,structured light scanner,Portable, High Power LED ,Array,,25,,,,,,,,,,,140,,,81225,,,1000,,,220,,4,,,28723200,,1,,1,,,
aicon 3D,smartSCAN-HE,,,,structured light scanner,Portable, High Power LED ,Array,,44,,,,,,,,,,,250,,,260100,,,1000,,,350,,4,,,28723200,,1,,1,,,
aicon 3D,smartSCAN-HE,,,,structured light scanner,Portable, High Power LED ,Array,,53,,,,,,,,,,,295,,,360000,,,1000,,,400,,4,,,28723200,,1,,1,,,
aicon 3D,smartSCAN-HE,,,,structured light scanner,Portable, High Power LED ,Array,,7,,,,,,,,,,,27,,,2860,,,370,,,36,,4,,,28723200,,1,,1,,,
aicon 3D,smartSCAN-HE,,,,structured light scanner,Portable, High Power LED ,Array,,9,,,,,,,,,,,50,,,9025,,,370,,,60,,4,,,28723200,,1,,1,,,
aicon 3D,smartSCAN-HE,,,,structured light scanner,Portable, High Power LED ,Array,,14,,,,,,,,,,,85,,,28900,,,370,,,110,,4,,,28723200,,1,,1,,,
aicon 3D,smartSCAN-HE,,,,structured light scanner,Portable, High Power LED ,Array,,38,,,,,,,,,,,210,,,189225,,,1500,,,300,,4,,,28723200,,1,,1,,,
aicon 3D,smartSCAN-HE,,,,structured light scanner,Portable, High Power LED ,Array,,79,,,,,,,,,,,445,,,828100,,,1500,,,600,,4,,,28723200,,1,,1,,,
aicon 3D,PrimeScan ,,,,structured light scanner,Portable,,Array,,,,,,,,,,,,,,,,,,,,,,,,4,,,,,1,,1,,,
einscan,EinScan-Pro+,,,,structured light scanner,Portable,,Array,,100,,,,,,,,,,,200,,,,,,,,,,,0.8,,,,,1,,1,,,
nanosurf,NaioAFM ,,,,AFM,Benchtop,contact,Array,,0.002,,0.2,,,,,,,,,0.001,,,0.0049,,,0,,,0.014,,6.5,,,,,,,,,,
Bruker,FastScan AFM Scanner ,,,,AFM,Benchtop,contact,Array,,0.0000035,,0.000035,,,,,,,,,0.015,,,0.0081,,,0,,,0.01,,,,,,,,,,,,
Bruker,Icon AFM Scanner ,,,,AFM,Benchtop,contact,Array,,0.000003,,0.00003,,,,,,,,,0.02,,,0.001225,,,0,,,0.03,,,,,,,,,,,,
Bruker,Inspire,,,,AFM,Benchtop,contact,Array,,0.000003,,0.00003,,,,,,,,,,,,,,,0,,,,,,,,,,,,,,,
icspi, nGauge ,,,,AFM,Benchtop,contact,Array,,0.1,,1,,,,,,,,,0.08,,,0.000225,,,0,,,0.01,,0.45,,,1048576,,,7800,,,,
nanomics imaging,Multiview 1000,,,,SNOM,Benchtop,contact,Array,,0.0005,,0.005,,,,,,,,,0.002,,,0.01,,,0,,,0.1,,,,,,,,,,,,
WITec ,alpha300 A,,,,AFM,Benchtop,contact,Array,,0.03,,0.3,,,,,,,,,0.001,,,0.04,,,0,,,0.02,,,,,,,,,,,,
WITec ,alpha300 S,,,,SNOM,Benchtop,contact,Array,,,,,,,,,,,,,0.06,,,0.04,,,0,,,1.02,,,,,,,,,,,,
Alicona,infinitefocus,,0.075,2.5,Focus variation,Benchtop,white light,Array,,0.5,0.05,2300,,,0.009,,87,,,,3.52,,,40000,,,8.8,3,,8,,120,30,,3300000,,,,,,,
Alicona,infinitefocus,,0.15,5,Focus variation,Benchtop,white light,Array,,0.5,0.05,410,,,0.009,,87,,,,1.76,,,40000,,,23.5,3,,22.5,,120,30,,3300000,,,,,,,
Alicona,infinitefocus,,0.3,10,Focus variation,Benchtop,white light,Array,,0.5,0.05,100,,,0.009,,87,,,,0.88,,,40000,,,17.5,3,,16.5,,120,30,,3300000,,,,,,,
Alicona,infinitefocus,,0.4,20,Focus variation,Benchtop,white light,Array,,0.5,0.05,50,,,0.009,,87,,,,0.44,,,24780,,,19,3,,18,,120,30,,3300000,,,,,,,
Alicona,infinitefocus,,0.6,50,Focus variation,Benchtop,white light,Array,,0.5,0.05,20,,,0.009,,87,,,,0.18,,,3965,,,11,2,,10,,120,30,,3300000,,,,,,,
Alicona,infinitefocus,,0.8,100,Focus variation,Benchtop,white light,Array,,0.5,0.05,10,,,0.009,,87,,,,0.09,,,990,,,4.5,1,,4,,120,30,,3300000,,,,,,,
Alicona,IF-PORTAbLE ,,0.075,2.5,Focus variation,Portable,white light,Array,,1,0.1,1800,,,,,87,,,,4.4,,,37.17,,,8.8,,,8,,10,,,1920000,,,,,,,
Alicona,IF-PORTAbLE ,,0.15,5,Focus variation,Portable,white light,Array,,1,0.1,450,,,,,87,,,,2.2,,,9.29,,,23.5,,,22,,10,,,1920000,,,,,,,
Alicona,IF-PORTAbLE ,,0.3,10,Focus variation,Portable,white light,Array,,1,0.1,110,,,0.3,,87,,,,1.1,,,2.32,,,17.5,,,16,,10,,,1920000,,,,,,,
Alicona,IF-PORTAbLE ,,0.4,20,Focus variation,Portable,white light,Array,,1,0.1,60,,,0.18,,87,,,,0.55,,,0.58,,,19,,,18,,10,,,1920000,,,,,,,
Alicona,IF-PORTAbLE ,,0.6,50,Focus variation,Portable,white light,Array,,1,0.1,60,,,0.18,,87,,,,0.22,,,0.09,,,11,,,10.5,,10,,,1920000,,,,,,,
Alicona,IF-PORTAbLE ,,0.8,100,Focus variation,Portable,white light,Array,,1,0.1,60,,,0.18,,87,,,,0.11,,,0.02,,,4.5,,,4,,10,,,1920000,,,,,,,
Proto3000,METRASCAN 750 ,,,,structured light scanner,Portable,white light,Array,,30,,,,,,,,,,,50,,,68750,,,300,,,200,,1.38,,,,,,,,,,
Proto3000,METRASCAN 750 ELITE ,,,,structured light scanner,Portable,white light,Array,,30,,,,,,,,,,,50,,,68750,,,300,,,200,,1.38,,,,,,,,,,
Proto3000,METRASCAN 350 ,,,,structured light scanner,Portable,white light,Array,,40,,,,,,,,,,,50,,,56250,,,300,,,200,,1.38,,,,,,,,,,
Proto3000,METRASCAN 350 ELITE ,,,,structured light scanner,Portable,white light,Array,,40,,,,,,,,,,,50,,,56250,,,300,,,200,,1.38,,,,,,,,,,
Leica,DCM8 ,,0.4,1.25,Confocal ,Benchtop,white light,Array,,0.2,,3000,,3,,,,,,3.5,,,,148.17792,,,150,,,40,,,,,,0.1-100,5,,,,,
Leica,DCM8 ,,0.07,2.5,Confocal ,Benchtop,white light,Array,,0.2,,350,,3,,,,,,2,,,,36.4,,,150,,,40,,,,,,0.1-100,5,,,,,
Leica,DCM8 ,,0.15,5,Confocal ,Benchtop,white light,Array,,0.2,,150,,3,,,,,,0.94,,,,9.1,,,150,,,40,,,,,,0.1-100,5,,,,,
Leica,DCM8 ,,0.3,10,Confocal ,Benchtop,white light,Array,,0.2,,30,,3,,,,,,0.47,,,,2.21,,,150,,,40,,,,,,0.1-100,5,,,,,
Leica,DCM8 ,,0.5,20,Confocal ,Benchtop,white light,Array,,0.2,,15,,3,,,,,,0.28,,,,0.5742,,,150,,,40,,,,,,0.1-100,5,,,,,
Leica,DCM8 ,,0.9,50,Confocal ,Benchtop,white light,Array,,0.2,,5,,3,,,,,,0.16,,,,0.089856,,,150,,,40,,,,,,0.1-100,5,,,,,
Leica,DCM8 ,,0.95,100,Confocal ,Benchtop,white light,Array,,0.2,,2,,3,,,,,,0.14,,,,0.0231,,,150,,,40,,,,,,0.1-100,5,,,,,
Leica,DCM8 ,,0.95,150,Confocal ,Benchtop,white light,Array,,0.2,,2,,3,,,,,,0.14,,,,0.10296,,,150,,,40,,,,,,0.1-100,5,,,,,
Leica,DCM8 ,,0.3,10,PSI,Benchtop,white light,Array,,0.2,,0.1,,0.16,,,,,,0.47,,,,2.21,,,150,0.017,,40,,,,,,0.1-100,6,,,,,
Leica,DCM8 ,,0.4,20,PSI,Benchtop,white light,Array,,0.2,,0.1,,0.16,,,,,,0.35,,,,0.4422,,,150,0.017,,40,,,,,,0.1-100,6,,,,,
Leica,DCM8 ,,0.5,50,PSI,Benchtop,white light,Array,,0.2,,0.1,,0.16,,,,,,0.28,,,,0.092664,,,150,0.017,,40,,,,,,0.1-100,6,,,,,
Rtec instruments,Universal 3D profilometer,,,,Confocal ,Benchtop,,Array,,,,,,,,,,,,,,,,,,,,,,,,,,,,,,,,,,
Filmetrics ,Profilm 3D,Nikon CF IC Epi Plan ,0.075,,PSI,Benchtop,white light,Array,,0.056,0.7,,0.1,,,,,3,,3.7,3.52,,,54.4,,,10.3,0.12,,100,Automated,15,,,5038848,0.05-100,,,,,,https://www.gambetti.it/wp-content/uploads/2019/10/Filmetrics-Datasheet-Profilm3D-Bh6.pdf
Filmetrics ,Profilm 3D,Nikon CF IC Epi Plan ,0.13,,PSI,Benchtop,white light,Array,,0.056,0.7,,0.1,,,,,8.5,,2.1,1.76,,,13.6,,,9.3,0.12,,100,Automated,15,,,5038848,0.05-100,,,,,,https://www.gambetti.it/wp-content/uploads/2019/10/Filmetrics-Datasheet-Profilm3D-Bh6.pdf
Filmetrics ,Profilm 3D,Nikon CF IC Epi Plan ,0.3,,PSI,Benchtop,white light,Array,,0.056,0.7,,0.1,,,,,14,,0.92,0.88,,,3.4,,,7.4,0.12,,100,Automated,15,,,5038848,0.05-100,,,,,,https://www.gambetti.it/wp-content/uploads/2019/10/Filmetrics-Datasheet-Profilm3D-Bh6.pdf
Filmetrics ,Profilm 3D,Nikon CF IC Epi Plan ,0.4,,PSI,Benchtop,white light,Array,,0.056,0.7,,0.1,,,,,21,,0.69,0.44,,,0.85,,,4.7,0.12,,100,Automated,15,,,5038848,0.05-100,,,,,,https://www.gambetti.it/wp-content/uploads/2019/10/Filmetrics-Datasheet-Profilm3D-Bh6.pdf
Filmetrics ,Profilm 3D,Nikon CF IC Epi Plan ,0.55,,PSI,Benchtop,white light,Array,,0.056,0.7,,0.1,,,,,25,,0.5,0.176,,,0.136,,,3.4,0.12,,100,Automated,15,,,5038848,0.05-100,,,,,,https://www.gambetti.it/wp-content/uploads/2019/10/Filmetrics-Datasheet-Profilm3D-Bh6.pdf
Filmetrics ,Profilm 3D,Nikon CF IC Epi Plan ,0.7,,PSI,Benchtop,white light,Array,,0.056,0.7,,0.1,,,,,42,,0.4,0.088,,,0.034,,,2.2,0.12,,100,Automated,15,,,5038848,0.05-100,,,,,,https://www.gambetti.it/wp-content/uploads/2019/10/Filmetrics-Datasheet-Profilm3D-Bh6.pdf
Filmetrics ,Profilm 3D,Nikon CF IC Epi Plan ,0.075,,CSI,Benchtop,white light,Array,,0.056,0.7,,10,,,,,3,,3.7,3.52,,,54.4,,,10.3,0.12,,100,Automated,15,,,5038848,0.05-100,,,,,,https://www.gambetti.it/wp-content/uploads/2019/10/Filmetrics-Datasheet-Profilm3D-Bh6.pdf
Filmetrics ,Profilm 3D,Nikon CF IC Epi Plan ,0.13,,CSI,Benchtop,white light,Array,,0.056,0.7,,10,,,,,8.5,,2.1,1.76,,,13.6,,,9.3,0.12,,100,Automated,15,,,5038848,0.05-100,,,,,,https://www.gambetti.it/wp-content/uploads/2019/10/Filmetrics-Datasheet-Profilm3D-Bh6.pdf
Filmetrics ,Profilm 3D,Nikon CF IC Epi Plan ,0.3,,CSI,Benchtop,white light,Array,,0.056,0.7,,10,,,,,14,,0.92,0.88,,,3.4,,,7.4,0.12,,100,Automated,15,,,5038848,0.05-100,,,,,,https://www.gambetti.it/wp-content/uploads/2019/10/Filmetrics-Datasheet-Profilm3D-Bh6.pdf
Filmetrics ,Profilm 3D,Nikon CF IC Epi Plan ,0.4,,CSI,Benchtop,white light,Array,,0.056,0.7,,10,,,,,21,,0.69,0.44,,,0.85,,,4.7,0.12,,100,Automated,15,,,5038848,0.05-100,,,,,,https://www.gambetti.it/wp-content/uploads/2019/10/Filmetrics-Datasheet-Profilm3D-Bh6.pdf
Filmetrics ,Profilm 3D,Nikon CF IC Epi Plan ,0.55,,CSI,Benchtop,white light,Array,,0.056,0.7,,10,,,,,25,,0.5,0.176,,,0.136,,,3.4,0.12,,100,Automated,15,,,5038848,0.05-100,,,,,,https://www.gambetti.it/wp-content/uploads/2019/10/Filmetrics-Datasheet-Profilm3D-Bh6.pdf
Filmetrics ,Profilm 3D,Nikon CF IC Epi Plan ,0.7,,CSI,Benchtop,white light,Array,,0.056,0.7,,10,,,,,42,,0.4,0.088,,,0.034,,,2.2,0.12,,100,Automated,15,,,5038848,0.05-100,,,,,,https://www.gambetti.it/wp-content/uploads/2019/10/Filmetrics-Datasheet-Profilm3D-Bh6.pdf
UniVr-Optimet,Vertical ,16 mm,,,Conoscopic Holography,Portable,Laser,Array,,2,,,,,,,150,,,,20,,,90000,,,,,,0.6,,,,30000,,,,,,,,
UniVr-Optimet,Vertical ,50 mm,,,Conoscopic Holography,Portable,Laser,Array,,6,,,,,,,170,,,,37,,,90000,,,,,,8,,,,30000,,,,,,,,
UniVr-Optimet,Vertical ,75 mm,,,Conoscopic Holography,Portable,Laser,Array,,10,,,,,,,170,,,,47,,,90000,,,,,,18,,,,30000,,,,,,,,
UniVr-Optimet,Vertical ,100 mm,,,Conoscopic Holography,Portable,Laser,Array,,15,,,,,,,170,,,,63,,,90000,,,,,,35,,,,30000,,,,,,,,
UniVr-Optimet,Vertical ,200 mm,,,Conoscopic Holography,Portable,Laser,Array,,70,,,,,,,170,,,,105,,,90000,,,,,,125,,,,30000,,,,,,,,
UniVr-Optimet,Vertical ,25GH,,,Conoscopic Holography,Portable,Laser,Array,,1,,,,,,,150,,,,12,,,90000,,,,,,0.6,,,,30000,,,,,,,,
UniVr-Optimet,Vertical ,50H,,,Conoscopic Holography,Portable,Laser,Array,,2.5,,,,,,,150,,,,19,,,90000,,,,,,2,,,,30000,,,,,,,,
UniVr-Optimet,Vertical ,25N,,,Conoscopic Holography,Portable,Laser,Array,,1,,,,,,,5,,,,5,,,90000,,,,,,1,,,,30000,,,,,,,,
UniVr-Optimet,Vertical ,50N,,,Conoscopic Holography,Portable,Laser,Array,,2.5,,,,,,,3,,,,16,,,90000,,,,,,5,,,,30000,,,,,,,,
UniVr-Optimet,Vertical ,75N,,,Conoscopic Holography,Portable,Laser,Array,,4.5,,,,,,,1.5,,,,25,,,90000,,,,,,9,,,,30000,,,,,,,,
PhaseView,ZeeScope 100,,0.1,5,Focus variation,Portable,white light,Array,,0.185,,18500,,64.75,,,90,,,,5.2,1280,1024,35.4418688,,,,,,2,,0.575,,,1310720,,,,,,,https://phaseview.com/wp-content/uploads/2018/05/ZeeScope-Rel7.pdf
PhaseView,ZeeScope 150,,0.1,5,Focus variation,Portable,white light,Array,,0.185,,18500,,64.75,,,90,,,,4.4,1616,1216,38.04348416,,,,,,2,,0.575,,,1965056,,,,,,,https://phaseview.com/wp-content/uploads/2018/05/ZeeScope-Rel7.pdf
PhaseView,ZeeScope 200,,0.1,5,Focus variation,Portable,white light,Array,,0.185,,18500,,64.75,,,90,,,,2.2,2560,1920,23.789568,,,,,,2,,0.575,,,4915200,,,,,,,https://phaseview.com/wp-content/uploads/2018/05/ZeeScope-Rel7.pdf
PhaseView,ZeeScope 100,,0.25,10,Focus variation,Portable,white light,Array,,0.03,,3000,,10.5,,,90,,,,5.2,1280,1024,35.4418688,,,,,,0.6,,0.575,,,1310720,,,,,,,https://phaseview.com/wp-content/uploads/2018/05/ZeeScope-Rel7.pdf
PhaseView,ZeeScope 150,,0.25,10,Focus variation,Portable,white light,Array,,0.03,,3000,,10.5,,,90,,,,4.4,1616,1216,38.04348416,,,,,,0.6,,0.575,,,1965056,,,,,,,https://phaseview.com/wp-content/uploads/2018/05/ZeeScope-Rel7.pdf
PhaseView,ZeeScope 200,,0.25,10,Focus variation,Portable,white light,Array,,0.03,,3000,,10.5,,,90,,,,2.2,2560,1920,23.789568,,,,,,0.6,,0.575,,,4915200,,,,,,,https://phaseview.com/wp-content/uploads/2018/05/ZeeScope-Rel7.pdf
PhaseView,ZeeScope 100,,0.45,20,Focus variation,Portable,white light,Array,,0.01,,1000,,3.5,,,90,,,,5.2,1280,1024,35.4418688,,,,,,0.15,,0.575,,,1310720,,,,,,,https://phaseview.com/wp-content/uploads/2018/05/ZeeScope-Rel7.pdf
PhaseView,ZeeScope 150,,0.45,20,Focus variation,Portable,white light,Array,,0.01,,1000,,3.5,,,90,,,,4.4,1616,1216,38.04348416,,,,,,0.15,,0.575,,,1965056,,,,,,,https://phaseview.com/wp-content/uploads/2018/05/ZeeScope-Rel7.pdf
PhaseView,ZeeScope 200,,0.45,20,Focus variation,Portable,white light,Array,,0.01,,1000,,3.5,,,90,,,,2.2,2560,1920,23.789568,,,,,,0.15,,0.575,,,4915200,,,,,,,https://phaseview.com/wp-content/uploads/2018/05/ZeeScope-Rel7.pdf
PhaseView,ZeeScope 100,,0.8,50,Focus variation,Portable,white light,Array,,0.0025,,250,,0.875,,,90,,,,5.2,1280,1024,35.4418688,,,,,,0.024,,0.575,,,1310720,,,,,,,https://phaseview.com/wp-content/uploads/2018/05/ZeeScope-Rel7.pdf
PhaseView,ZeeScope 150,,0.8,50,Focus variation,Portable,white light,Array,,0.0025,,250,,0.875,,,90,,,,4.4,1616,1216,38.04348416,,,,,,0.024,,0.575,,,1965056,,,,,,,https://phaseview.com/wp-content/uploads/2018/05/ZeeScope-Rel7.pdf
PhaseView,ZeeScope 200,,0.8,50,Focus variation,Portable,white light,Array,,0.0025,,250,,0.875,,,90,,,,2.2,2560,1920,23.789568,,,,,,0.024,,0.575,,,4915200,,,,,,,https://phaseview.com/wp-content/uploads/2018/05/ZeeScope-Rel7.pdf
Nikon,MMDx50,,,,laser scanner with scan arm,Portable,Laser,Point cloud,,7,,,,,,,,,,,40,,,4000000,50,,95,0.006666666667,,50,,0.4,,,600000,,1,,,,,https://www.nikonmetrology.com/en-gb/product/modelmaker-mmdx
Nikon,MMDx100,,,,laser scanner with scan arm,Portable,Laser,Point cloud,,10,,,,,,,,,,,65,,,4000000,100,,100,0.006666666667,,100,,0.4,,,600000,,1,,,,,https://www.nikonmetrology.com/en-gb/product/modelmaker-mmdx
Nikon,MMDx200,,,,laser scanner with scan arm,Portable,Laser,Point cloud,,16,,,,,,,,,,,115,,,4000000,200,,150,0.006666666667,,150,,0.4,,,600000,,1,,,,,https://www.nikonmetrology.com/en-gb/product/modelmaker-mmdx
Faro,Design ScanArm 2.5C 2.5m,,,,laser scanner with scan arm,Portable,laser white light,Point cloud,,75,,,,,,,,,,,40,,,6250000,,,115,,,115,,10,,,600000,,1,,,,,https://insights.faro.com/design-scanarm/techsheet-faro-8-axis-design-scanarm-2-5c
Faro,Design ScanArm 2.5C 3.5m,,,,laser scanner with scan arm,Portable,laser white light,Point cloud,,110,,,,,,,,,,,40,,,12250000,,,115,,,115,,10,,,600000,,1,,,,,https://insights.faro.com/design-scanarm/techsheet-faro-8-axis-design-scanarm-2-5c
Faro,Design ScanArm 2.5C 4m,,,,laser scanner with scan arm,Portable,laser white light,Point cloud,,130,,,,,,,,,,,40,,,16000000,,,115,,,115,,10,,,600000,,1,,,,,https://insights.faro.com/design-scanarm/techsheet-faro-8-axis-design-scanarm-2-5c
Sensofar,S neox,,,,CSI,Benchtop,white light,Array,,0.3,,,,10,,,,,,,,,,9.4326228,,,,,,,,,25,,,0.005-100%,,,,,,
Sensofar,S neox,,,,CSI,Benchtop,white light,Array,,0.079,,,,5,,,,,,,,,,9.4326228,,,,,,,,,25,,,0.005-100%,,,,,,
Sensofar,S neox,,,,CSI,Benchtop,white light,Array,,0.007,,,,1,,,,,,,,,,9.4326228,,,,,,,,,25,,,0.005-100%,,,,,,
Sensofar,S neox,,,,CSI,Benchtop,white light,Array,,0.004,,,,0.4,,,,,,,,,,9.4326228,,,,,,,,,25,,,0.005-100%,,,,,,
Sensofar,S neox,,,,PSI,Benchtop,white light,Array,,0.0005,,,,0.1,,,,,,,,,,9.4326228,,,,,,,,,25,,,0.005-100%,,,,,,
Sensofar,S neox,,,,PSI,Benchtop,white light,Array,,0.0005,,,,0.05,,,,,,,,,,9.4326228,,,,,,,,,25,,,0.005-100%,,,,,,
Taylor Hobson,Form Talysurf 200,,,,stylus profilometer,Benchtop,contact,Array,,0.002,,0.2,,,,,,,,,0.125,200,100,20000,,,0,,,25,,,,,,,,,,,,
Panasonicc,UA3P,,,,stylus profilometer,Benchtop,contact,Array,,0.1,,3,,,,,75,75,,,2,30,30,900,,,0,,,20,,,,,,,,,,,,
aep Technology,NanoMap 500LS,,,,stylus profilometer,Benchtop,contact,Array,,0.01,,0.1,,0.8,,,,,,,0.1,0.5,0.5,0.25,,50,0,,,50,,,,,1000,0-100,,,,,,http://www.gohanmi.com/image1/image-aep/Catalogue-NanoMap%20500LS.pdf
Bruker ,Dektak XTL,,,,stylus profilometer,Benchtop,contact,Array,,0.01,,0.1,,0.5,,,,,,,0.05,,,9,,,0,,,1,,,,,,,,,,,,https://www.bruker.com/products/surface-and-dimensional-analysis/stylus-profilometers/dektak-xtl/technical-details.html
Mytutoyo,Crysta-Plus M443,,,,CMM,Benchtop,contact,Point cloud,,3,,500,,4000,,,,,,,4000,,,160000,,,0,,,300,,,,,,,,,,,,https://www.mitutoyo.com/wp-content/uploads/2016/09/L-section-CMM.pdf
Mytutoyo,Crysta-Plus M574,,,,CMM,Benchtop,contact,Point cloud,,3.5,,500,,4000,,,,,,,4000,,,350000,,,0,,,400,,,,,,,,,,,,
Mytutoyo,Crysta-Plus M7106,,,,CMM,Benchtop,contact,Point cloud,,4.5,,500,,5000,,,,,,,4000,,,700000,,,0,,,6000,,,,,,,,,,,,
Mytutoyo,CRYSTA-Apex S 544,,,,CMM,Benchtop,contact,Point cloud,,2.4,,100,,1500,,,,,,,4000,,,200000,,,0,,,400,,,,,,,,,,,,
Mytutoyo,CRYSTA-Apex S 574,,,,CMM,Benchtop,contact,Point cloud,,2.4,,100,,1500,,,,,,,4000,,,350000,,,0,,,400,,,,,,,,,,,,
Mytutoyo,CRYSTA-Apex S 776,,,,CMM,Benchtop,contact,Point cloud,,2.4,,100,,1700,,,,,,,4000,,,490000,,,0,,,600,,,,,,,,,,,,
Mytutoyo,CRYSTA-Apex S 7106,,,,CMM,Benchtop,contact,Point cloud,,2.4,,100,,1700,,,,,,,4000,,,700000,,,0,,,600,,,,,,,,,,,,
Mytutoyo,CRYSTA-Apex S 9106,,,,CMM,Benchtop,contact,Point cloud,,2.4,,100,,1700,,,,,,,4000,,,900000,,,0,,,600,,,,,,,,,,,,
Mytutoyo,CRYSTA-Apex S 9166,,,,CMM,Benchtop,contact,Point cloud,,2.4,,100,,1700,,,,,,,4000,,,1440000,,,0,,,600,,,,,,,,,,,,
Mytutoyo,CRYSTA-Apex S 9206,,,,CMM,Benchtop,contact,Point cloud,,2.4,,100,,1700,,,,,,,4000,,,1800000,,,0,,,600,,,,,,,,,,,,
Mytutoyo,STRATO-Apex 162012,,,,CMM,Benchtop,contact,Point cloud,,3.5,,50,,2300,,,,,,,4000,,,3200000,,,0,,,1200,,,,,,,,,,,,
Mytutoyo,STRATO-Apex 162016,,,,CMM,Benchtop,contact,Point cloud,,3.5,,50,,2300,,,,,,,4000,,,3200000,,,0,,,1600,,,,,,,,,,,,
Mytutoyo,STRATO-Apex 163012,,,,CMM,Benchtop,contact,Point cloud,,3.5,,50,,2300,,,,,,,4000,,,4800000,,,0,,,1200,,,,,,,,,,,,
Mytutoyo,STRATO-Apex 163016,,,,CMM,Benchtop,contact,Point cloud,,3.5,,50,,2300,,,,,,,4000,,,4800000,,,0,,,1600,,,,,,,,,,,,
Mytutoyo,FALCIO-Apex 305015,,,,CMM,Benchtop,contact,Point cloud,,3.5,,,,,,,,,,,4000,,,15000000,,,0,,,1500,,,,,,,,,,,,